payment_id,order_id,amount,currency,payment_method,card_network,card_scope,captured_at,fee,tax,status
PAY_PROD_000001,ORD_PROD_000001,1999.00,INR,card,RuPay,domestic,2026-08-29T11:00:00,30.98,5.58,captured
PAY_PROD_000002,ORD_PROD_000002,2499.00,INR,card,RuPay,domestic,2026-08-29T11:01:00,38.73,6.97,captured
PAY_PROD_000003,ORD_PROD_000003,3499.00,INR,card,RuPay,domestic,2026-08-29T11:02:00,54.23,9.76,captured
PAY_PROD_000004,ORD_PROD_000004,4999.00,INR,card,Mastercard,domestic,2026-08-29T11:03:00,77.48,13.95,captured
PAY_PROD_000005,ORD_PROD_000005,7499.00,INR,card,Mastercard,domestic,2026-08-29T11:04:00,116.23,20.92,captured
PAY_PROD_000006,ORD_PROD_000006,9999.00,INR,card,Visa,domestic,2026-08-29T11:05:00,154.98,27.90,captured
PAY_PROD_000007,ORD_PROD_000007,12499.00,INR,card,RuPay,domestic,2026-08-29T11:06:00,193.73,34.87,captured
PAY_PROD_000008,ORD_PROD_000008,14999.00,INR,card,RuPay,domestic,2026-08-29T11:07:00,232.48,41.85,captured
PAY_PROD_000009,ORD_PROD_000009,1999.00,INR,card,Visa,domestic,2026-08-29T11:00:00,30.98,5.58,captured
PAY_PROD_000010,ORD_PROD_000010,2499.00,INR,card,Mastercard,domestic,2026-08-29T11:01:00,38.73,6.97,captured
PAY_PROD_000011,ORD_PROD_000011,3499.00,INR,card,Visa,domestic,2026-08-29T11:02:00,54.23,9.76,captured
PAY_PROD_000012,ORD_PROD_000012,4999.00,INR,card,RuPay,domestic,2026-08-29T11:03:00,77.48,13.95,captured
PAY_PROD_000013,ORD_PROD_000013,7499.00,INR,card,Visa,domestic,2026-08-29T11:04:00,116.23,20.92,captured
PAY_PROD_000014,ORD_PROD_000014,9999.00,INR,card,Visa,domestic,2026-08-29T11:05:00,154.98,27.90,captured
PAY_PROD_000015,ORD_PROD_000015,12499.00,INR,card,Visa,domestic,2026-08-29T11:06:00,193.73,34.87,captured
PAY_PROD_000016,ORD_PROD_000016,14999.00,INR,card,Mastercard,domestic,2026-08-29T11:07:00,232.48,41.85,captured
PAY_PROD_000017,ORD_PROD_000017,14999.50,INR,card,RuPay,domestic,2026-08-25T13:14:00,232.49,41.85,captured
PAY_PROD_000018,ORD_PROD_000018,799.00,INR,card,RuPay,domestic,2026-08-25T13:33:00,12.38,2.23,captured
PAY_PROD_000019,ORD_PROD_000019,7499.00,INR,card,RuPay,domestic,2026-08-25T13:48:00,116.23,20.92,captured
PAY_PROD_000020,ORD_PROD_000020,1499.00,INR,card,Mastercard,domestic,2026-08-25T14:05:00,23.23,4.18,captured
PAY_PROD_000021,ORD_PROD_000021,499.00,INR,card,RuPay,domestic,2026-08-25T14:29:00,7.73,1.39,captured
PAY_PROD_000022,ORD_PROD_000022,19999.50,INR,card,Mastercard,domestic,2026-08-25T14:42:00,309.99,55.80,captured
PAY_PROD_000023,ORD_PROD_000023,2499.50,INR,card,Visa,domestic,2026-08-25T14:58:00,38.74,6.97,captured
PAY_PROD_000024,ORD_PROD_000024,2499.00,INR,card,Visa,domestic,2026-08-25T15:20:00,38.73,6.97,captured
PAY_PROD_000025,ORD_PROD_000025,2499.50,INR,card,Mastercard,domestic,2026-08-25T15:37:00,38.74,6.97,captured
PAY_PROD_000026,ORD_PROD_000026,3499.00,INR,card,Mastercard,domestic,2026-08-25T15:50:00,54.23,11.93,captured
PAY_PROD_000027,ORD_PROD_000027,799.00,INR,card,Mastercard,domestic,2026-08-25T16:17:00,13.98,2.52,captured
PAY_PROD_000028,ORD_PROD_000028,4999.00,INR,card,RuPay,domestic,2026-08-25T16:34:00,77.48,13.95,captured
PAY_PROD_000029,ORD_PROD_000029,12499.50,INR,card,Mastercard,domestic,2026-08-25T16:43:00,193.74,34.87,captured
PAY_PROD_000030,ORD_PROD_000030,499.00,INR,card,RuPay,domestic,2026-08-25T17:06:00,7.73,1.39,captured
PAY_PROD_000031,ORD_PROD_000031,12499.00,INR,card,RuPay,domestic,2026-08-25T17:24:00,193.73,34.87,captured
PAY_PROD_000032,ORD_PROD_000032,299.00,INR,card,Visa,domestic,2026-08-25T17:42:00,4.63,0.83,captured
PAY_PROD_000033,ORD_PROD_000033,2499.00,INR,card,Mastercard,domestic,2026-08-25T18:03:00,38.73,6.97,captured
PAY_PROD_000034,ORD_PROD_000034,9999.00,INR,card,Mastercard,domestic,2026-08-25T18:12:00,154.98,27.90,captured
PAY_PROD_000035,ORD_PROD_000035,3499.00,INR,card,Mastercard,domestic,2026-08-25T18:41:00,54.23,9.76,captured
PAY_PROD_000036,ORD_PROD_000036,499.50,INR,card,Visa,domestic,2026-08-25T18:56:00,7.74,1.39,captured
PAY_PROD_000037,ORD_PROD_000037,14999.50,INR,card,RuPay,domestic,2026-08-25T19:13:00,232.49,41.85,captured
PAY_PROD_000038,ORD_PROD_000038,4999.00,INR,card,Mastercard,domestic,2026-08-25T19:30:00,87.48,15.75,captured
PAY_PROD_000039,ORD_PROD_000039,799.00,INR,card,Mastercard,domestic,2026-08-25T19:48:00,12.38,2.23,captured
PAY_PROD_000040,ORD_PROD_000040,19999.00,INR,card,Mastercard,domestic,2026-08-25T20:08:00,309.98,55.80,captured
PAY_PROD_000041,ORD_PROD_000041,1499.00,INR,card,RuPay,domestic,2026-08-25T20:24:00,23.23,4.18,captured
PAY_PROD_000042,ORD_PROD_000042,1499.00,INR,card,Mastercard,domestic,2026-08-25T20:39:00,23.23,4.18,captured
PAY_PROD_000043,ORD_PROD_000043,1999.00,INR,card,RuPay,domestic,2026-08-25T20:56:00,30.98,5.58,captured
PAY_PROD_000044,ORD_PROD_000044,9999.99,INR,card,Visa,domestic,2026-08-25T21:17:00,155.00,27.90,captured
PAY_PROD_000045,ORD_PROD_000045,2499.99,INR,card,Mastercard,domestic,2026-08-25T21:36:00,38.75,6.98,captured
PAY_PROD_000046,ORD_PROD_000046,14999.00,INR,card,RuPay,domestic,2026-08-25T21:54:00,232.48,41.85,captured
PAY_PROD_000047,ORD_PROD_000047,12499.00,INR,card,RuPay,domestic,2026-08-25T22:10:00,193.73,34.87,captured
PAY_PROD_000048,ORD_PROD_000048,12499.50,INR,card,Visa,domestic,2026-08-25T22:34:00,193.74,34.87,captured
PAY_PROD_000049,ORD_PROD_000049,4999.00,INR,card,Visa,domestic,2026-08-25T22:44:00,77.48,13.95,captured
PAY_PROD_000050,ORD_PROD_000050,299.00,INR,card,Mastercard,domestic,2026-08-25T23:03:00,4.63,0.83,captured
PAY_PROD_000051,ORD_PROD_000051,2499.00,INR,card,Mastercard,domestic,2026-08-25T23:23:00,38.73,6.97,captured
PAY_PROD_000052,ORD_PROD_000052,1999.99,INR,card,Visa,domestic,2026-08-25T23:46:00,31.00,5.58,captured
PAY_PROD_000053,ORD_PROD_000053,9999.00,INR,card,RuPay,domestic,2026-08-26T00:00:00,154.98,27.90,captured
PAY_PROD_000054,ORD_PROD_000054,999.00,INR,card,RuPay,domestic,2026-08-26T00:20:00,15.48,2.79,captured
PAY_PROD_000055,ORD_PROD_000055,1999.99,INR,card,Mastercard,domestic,2026-08-26T00:41:00,31.00,5.58,captured
PAY_PROD_000056,ORD_PROD_000056,3499.99,INR,card,RuPay,domestic,2026-08-26T00:49:00,54.25,9.77,captured
PAY_PROD_000057,ORD_PROD_000057,1999.00,INR,card,Visa,domestic,2026-08-26T01:11:00,30.98,5.58,captured
PAY_PROD_000058,ORD_PROD_000058,7499.00,INR,card,Mastercard,domestic,2026-08-26T01:30:00,116.23,20.92,captured
PAY_PROD_000059,ORD_PROD_000059,4999.00,INR,card,Mastercard,domestic,2026-08-26T01:42:00,77.48,13.95,captured
PAY_PROD_000060,ORD_PROD_000060,19999.00,INR,card,Visa,domestic,2026-08-26T02:04:00,309.98,55.80,captured
PAY_PROD_000061,ORD_PROD_000061,799.99,INR,card,RuPay,domestic,2026-08-26T02:28:00,14.00,2.52,captured
PAY_PROD_000062,ORD_PROD_000062,14999.99,INR,card,Visa,domestic,2026-08-26T02:43:00,232.50,41.85,captured
PAY_PROD_000063,ORD_PROD_000063,4999.99,INR,card,Mastercard,domestic,2026-08-26T02:54:00,77.50,13.95,captured
PAY_PROD_000064,ORD_PROD_000064,7499.99,INR,card,RuPay,domestic,2026-08-26T03:22:00,116.25,20.93,captured
PAY_PROD_000065,ORD_PROD_000065,19999.50,INR,card,RuPay,domestic,2026-08-26T03:37:00,309.99,55.80,captured
PAY_PROD_000066,ORD_PROD_000066,499.00,INR,card,Mastercard,domestic,2026-08-26T03:56:00,7.73,1.39,captured
PAY_PROD_000067,ORD_PROD_000067,2499.00,INR,card,Visa,domestic,2026-08-26T04:06:00,43.73,7.87,captured
PAY_PROD_000068,ORD_PROD_000068,4999.50,INR,card,Visa,domestic,2026-08-26T04:30:00,77.49,13.95,captured
PAY_PROD_000069,ORD_PROD_000069,19999.00,INR,card,RuPay,domestic,2026-08-26T04:49:00,309.98,55.80,captured
PAY_PROD_000070,ORD_PROD_000070,499.00,INR,card,RuPay,domestic,2026-08-26T05:07:00,7.73,1.39,captured
PAY_PROD_000071,ORD_PROD_000071,4999.99,INR,card,RuPay,domestic,2026-08-26T05:24:00,77.50,13.95,captured
PAY_PROD_000072,ORD_PROD_000072,3499.99,INR,card,Visa,domestic,2026-08-26T05:36:00,54.25,9.77,captured
PAY_PROD_000073,ORD_PROD_000073,12499.00,INR,card,Visa,domestic,2026-08-26T05:55:00,193.73,34.87,captured
PAY_PROD_000074,ORD_PROD_000074,2499.00,INR,card,Mastercard,domestic,2026-08-26T06:14:00,38.73,6.97,captured
PAY_PROD_000075,ORD_PROD_000075,3499.99,INR,card,Visa,domestic,2026-08-26T06:31:00,54.25,9.77,captured
PAY_PROD_000076,ORD_PROD_000076,499.00,INR,card,Visa,domestic,2026-08-26T06:53:00,7.73,1.39,captured
PAY_PROD_000077,ORD_PROD_000077,4999.99,INR,card,Mastercard,domestic,2026-08-26T07:12:00,77.50,13.95,captured
PAY_PROD_000078,ORD_PROD_000078,2499.00,INR,card,RuPay,domestic,2026-08-26T07:31:00,38.73,6.97,captured
PAY_PROD_000079,ORD_PROD_000079,4999.00,INR,card,RuPay,domestic,2026-08-26T07:47:00,77.48,13.95,captured
PAY_PROD_000080,ORD_PROD_000080,299.00,INR,card,Visa,domestic,2026-08-26T08:10:00,4.63,0.83,captured
PAY_PROD_000081,ORD_PROD_000081,499.00,INR,card,Visa,domestic,2026-08-26T08:29:00,7.73,1.39,captured
PAY_PROD_000082,ORD_PROD_000082,1499.00,INR,card,Mastercard,domestic,2026-08-26T08:45:00,23.23,4.18,captured
PAY_PROD_000083,ORD_PROD_000083,999.00,INR,card,Mastercard,domestic,2026-08-26T09:00:00,15.48,2.79,captured
PAY_PROD_000084,ORD_PROD_000084,12499.00,INR,card,Mastercard,domestic,2026-08-26T09:14:00,193.73,34.87,captured
PAY_PROD_000085,ORD_PROD_000085,14999.00,INR,card,Mastercard,domestic,2026-08-26T09:39:00,232.48,41.85,captured
PAY_PROD_000086,ORD_PROD_000086,9999.00,INR,card,RuPay,domestic,2026-08-26T09:48:00,154.98,27.90,captured
PAY_PROD_000087,ORD_PROD_000087,199.00,INR,card,Mastercard,domestic,2026-08-26T10:08:00,3.09,0.55,captured
PAY_PROD_000088,ORD_PROD_000088,9999.00,INR,card,Mastercard,domestic,2026-08-26T10:32:00,154.98,27.90,captured
PAY_PROD_000089,ORD_PROD_000089,1999.50,INR,card,Mastercard,domestic,2026-08-26T10:48:00,30.99,5.58,captured
PAY_PROD_000090,ORD_PROD_000090,1499.50,INR,card,RuPay,domestic,2026-08-26T11:05:00,23.24,4.18,captured
PAY_PROD_000091,ORD_PROD_000091,299.00,INR,card,Mastercard,domestic,2026-08-26T11:28:00,4.63,0.83,captured
PAY_PROD_000092,ORD_PROD_000092,12499.00,INR,card,Mastercard,domestic,2026-08-26T11:36:00,193.73,42.62,captured
PAY_PROD_000093,ORD_PROD_000093,19999.00,INR,card,Mastercard,domestic,2026-08-26T12:02:00,309.98,55.80,captured
PAY_PROD_000094,ORD_PROD_000094,499.00,INR,card,Visa,domestic,2026-08-26T12:20:00,7.73,1.39,captured
PAY_PROD_000095,ORD_PROD_000095,19999.00,INR,card,Mastercard,domestic,2026-08-26T12:40:00,309.98,55.80,captured
PAY_PROD_000096,ORD_PROD_000096,14999.00,INR,card,Visa,domestic,2026-08-26T12:49:00,232.48,41.85,captured
PAY_PROD_000097,ORD_PROD_000097,1499.50,INR,card,RuPay,domestic,2026-08-26T13:06:00,23.24,4.18,captured
PAY_PROD_000098,ORD_PROD_000098,2499.50,INR,card,RuPay,domestic,2026-08-26T13:28:00,38.74,6.97,captured
PAY_PROD_000099,ORD_PROD_000099,199.50,INR,card,Visa,domestic,2026-08-26T13:46:00,3.09,0.56,captured
PAY_PROD_000100,ORD_PROD_000100,2499.00,INR,card,RuPay,domestic,2026-08-26T14:01:00,38.73,6.97,captured
PAY_PROD_000101,ORD_PROD_000101,1499.50,INR,card,Visa,domestic,2026-08-26T14:29:00,23.24,4.18,captured
PAY_PROD_000102,ORD_PROD_000102,7499.99,INR,card,Visa,domestic,2026-08-26T14:41:00,131.25,23.63,captured
PAY_PROD_000103,ORD_PROD_000103,299.99,INR,card,Mastercard,domestic,2026-08-26T14:56:00,4.65,0.84,captured
PAY_PROD_000104,ORD_PROD_000104,499.99,INR,card,Mastercard,domestic,2026-08-26T15:18:00,7.75,1.40,captured
PAY_PROD_000105,ORD_PROD_000105,1999.00,INR,card,RuPay,domestic,2026-08-26T15:30:00,30.98,5.58,captured
PAY_PROD_000106,ORD_PROD_000106,499.00,INR,card,Visa,domestic,2026-08-26T15:56:00,7.73,1.39,captured
PAY_PROD_000107,ORD_PROD_000107,9999.00,INR,card,RuPay,domestic,2026-08-26T16:08:00,154.98,27.90,captured
PAY_PROD_000108,ORD_PROD_000108,999.99,INR,card,RuPay,domestic,2026-08-26T16:25:00,15.50,2.79,captured
PAY_PROD_000109,ORD_PROD_000109,999.99,INR,card,RuPay,domestic,2026-08-26T16:53:00,15.50,2.79,captured
PAY_PROD_000110,ORD_PROD_000110,14999.99,INR,card,Visa,domestic,2026-08-26T17:02:00,232.50,41.85,captured
PAY_PROD_000111,ORD_PROD_000111,1499.00,INR,card,Visa,domestic,2026-08-26T17:27:00,23.23,4.18,captured
PAY_PROD_000112,ORD_PROD_000112,4999.50,INR,card,Visa,domestic,2026-08-26T17:39:00,77.49,13.95,captured
PAY_PROD_000113,ORD_PROD_000113,19999.00,INR,card,Mastercard,domestic,2026-08-26T18:04:00,309.98,55.80,captured
PAY_PROD_000114,ORD_PROD_000114,14999.50,INR,card,Visa,domestic,2026-08-26T18:14:00,232.49,41.85,captured
PAY_PROD_000115,ORD_PROD_000115,299.00,INR,card,RuPay,domestic,2026-08-26T18:38:00,4.63,0.83,captured
PAY_PROD_000116,ORD_PROD_000116,799.00,INR,card,RuPay,domestic,2026-08-26T18:50:00,12.38,2.23,captured
PAY_PROD_000117,ORD_PROD_000117,499.50,INR,card,RuPay,domestic,2026-08-26T19:17:00,7.74,1.39,captured
PAY_PROD_000118,ORD_PROD_000118,1499.50,INR,card,Mastercard,domestic,2026-08-26T19:29:00,23.24,4.18,captured
PAY_PROD_000119,ORD_PROD_000119,12499.00,INR,card,RuPay,domestic,2026-08-26T19:53:00,193.73,34.87,captured
PAY_PROD_000120,ORD_PROD_000120,19999.00,INR,card,Visa,domestic,2026-08-26T20:02:00,309.98,55.80,captured
PAY_PROD_000121,ORD_PROD_000121,1499.00,INR,card,RuPay,domestic,2026-08-26T20:29:00,23.23,4.18,captured
PAY_PROD_000122,ORD_PROD_000122,799.00,INR,card,Visa,domestic,2026-08-26T20:43:00,12.38,2.23,captured
PAY_PROD_000123,ORD_PROD_000123,499.00,INR,card,RuPay,domestic,2026-08-26T20:58:00,7.73,1.39,captured
PAY_PROD_000124,ORD_PROD_000124,1499.00,INR,card,Mastercard,domestic,2026-08-26T21:12:00,23.23,4.18,captured
PAY_PROD_000125,ORD_PROD_000125,199.00,INR,card,RuPay,domestic,2026-08-26T21:34:00,3.08,0.55,captured
PAY_PROD_000126,ORD_PROD_000126,199.50,INR,card,Visa,domestic,2026-08-26T21:48:00,3.09,0.56,captured
PAY_PROD_000127,ORD_PROD_000127,2499.00,INR,card,Visa,domestic,2026-08-26T22:10:00,38.73,6.97,captured
PAY_PROD_000128,ORD_PROD_000128,4999.99,INR,card,Visa,domestic,2026-08-26T22:28:00,77.50,17.05,captured
PAY_PROD_000129,ORD_PROD_000129,999.00,INR,card,Visa,domestic,2026-08-26T22:46:00,15.48,2.79,captured
PAY_PROD_000130,ORD_PROD_000130,19999.50,INR,card,Mastercard,domestic,2026-08-26T23:05:00,349.99,63.00,captured
PAY_PROD_000131,ORD_PROD_000131,4999.00,INR,card,Mastercard,domestic,2026-08-26T23:28:00,77.48,13.95,captured
PAY_PROD_000132,ORD_PROD_000132,1999.00,INR,card,Visa,domestic,2026-08-26T23:40:00,30.98,5.58,captured
PAY_PROD_000133,ORD_PROD_000133,999.99,INR,card,Mastercard,domestic,2026-08-26T23:59:00,15.50,2.79,captured
PAY_PROD_000134,ORD_PROD_000134,14999.00,INR,card,RuPay,domestic,2026-08-27T00:21:00,232.48,41.85,captured
PAY_PROD_000135,ORD_PROD_000135,19999.00,INR,card,Visa,domestic,2026-08-27T00:30:00,309.98,55.80,captured
PAY_PROD_000136,ORD_PROD_000136,2499.50,INR,card,Visa,domestic,2026-08-27T00:56:00,38.74,6.97,captured
PAY_PROD_000137,ORD_PROD_000137,799.50,INR,card,Visa,domestic,2026-08-27T01:06:00,12.39,2.23,captured
PAY_PROD_000138,ORD_PROD_000138,499.00,INR,card,Mastercard,domestic,2026-08-27T01:25:00,7.73,1.39,captured
PAY_PROD_000139,ORD_PROD_000139,199.00,INR,card,Visa,domestic,2026-08-27T01:44:00,3.08,0.55,captured
PAY_PROD_000140,ORD_PROD_000140,1499.99,INR,card,Visa,domestic,2026-08-27T02:04:00,23.25,4.19,captured
PAY_PROD_000141,ORD_PROD_000141,799.50,INR,card,RuPay,domestic,2026-08-27T02:25:00,12.39,2.23,captured
PAY_PROD_000142,ORD_PROD_000142,2499.00,INR,card,Mastercard,domestic,2026-08-27T02:36:00,38.73,6.97,captured
PAY_PROD_000143,ORD_PROD_000143,12499.00,INR,card,RuPay,domestic,2026-08-27T03:01:00,193.73,34.87,captured
PAY_PROD_000144,ORD_PROD_000144,9999.50,INR,card,Mastercard,domestic,2026-08-27T03:18:00,154.99,27.90,captured
PAY_PROD_000145,ORD_PROD_000145,9999.99,INR,card,RuPay,domestic,2026-08-27T03:33:00,155.00,27.90,captured
PAY_PROD_000146,ORD_PROD_000146,999.00,INR,card,Visa,domestic,2026-08-27T03:48:00,15.48,2.79,captured
PAY_PROD_000147,ORD_PROD_000147,12499.00,INR,card,RuPay,domestic,2026-08-27T04:11:00,218.73,39.37,captured
PAY_PROD_000148,ORD_PROD_000148,7499.00,INR,card,Mastercard,domestic,2026-08-27T04:28:00,116.23,20.92,captured
PAY_PROD_000149,ORD_PROD_000149,7499.50,INR,card,Mastercard,domestic,2026-08-27T04:43:00,116.24,20.92,captured
PAY_PROD_000150,ORD_PROD_000150,499.00,INR,card,Visa,domestic,2026-08-27T05:10:00,7.73,1.39,captured
PAY_PROD_000151,ORD_PROD_000151,999.00,INR,card,Visa,domestic,2026-08-27T05:19:00,15.48,2.79,captured
PAY_PROD_000152,ORD_PROD_000152,1999.99,INR,card,RuPay,domestic,2026-08-27T05:40:00,31.00,5.58,captured
PAY_PROD_000153,ORD_PROD_000153,4999.50,INR,card,Visa,domestic,2026-08-27T06:05:00,77.49,13.95,captured
PAY_PROD_000154,ORD_PROD_000154,499.50,INR,card,Visa,domestic,2026-08-27T06:23:00,7.74,1.39,captured
PAY_PROD_000155,ORD_PROD_000155,1999.50,INR,card,Visa,domestic,2026-08-27T06:35:00,30.99,5.58,captured
PAY_PROD_000156,ORD_PROD_000156,12499.99,INR,card,Mastercard,domestic,2026-08-27T06:52:00,218.75,39.38,captured
PAY_PROD_000157,ORD_PROD_000157,4999.99,INR,card,Mastercard,domestic,2026-08-27T07:11:00,77.50,13.95,captured
PAY_PROD_000158,ORD_PROD_000158,3499.00,INR,card,Visa,domestic,2026-08-27T07:32:00,54.23,9.76,captured
PAY_PROD_000159,ORD_PROD_000159,1999.50,INR,card,Visa,domestic,2026-08-27T07:47:00,30.99,5.58,captured
PAY_PROD_000160,ORD_PROD_000160,999.00,INR,card,Mastercard,domestic,2026-08-27T08:07:00,15.48,2.79,captured
PAY_PROD_000161,ORD_PROD_000161,299.00,INR,card,Visa,domestic,2026-08-27T08:26:00,4.63,0.83,captured
PAY_PROD_000162,ORD_PROD_000162,299.00,INR,card,Mastercard,domestic,2026-08-27T08:44:00,4.63,0.83,captured
PAY_PROD_000163,ORD_PROD_000163,12499.00,INR,card,Mastercard,domestic,2026-08-27T08:56:00,193.73,34.87,captured
PAY_PROD_000164,ORD_PROD_000164,299.00,INR,card,Visa,domestic,2026-08-27T09:14:00,4.63,0.83,captured
PAY_PROD_000165,ORD_PROD_000165,2499.99,INR,card,RuPay,domestic,2026-08-27T09:34:00,38.75,6.98,captured
PAY_PROD_000166,ORD_PROD_000166,12499.00,INR,card,Mastercard,domestic,2026-08-27T09:55:00,193.73,34.87,captured
PAY_PROD_000167,ORD_PROD_000167,12499.00,INR,card,Visa,domestic,2026-08-27T10:12:00,193.73,34.87,captured
PAY_PROD_000168,ORD_PROD_000168,19999.50,INR,card,Visa,domestic,2026-08-27T10:32:00,309.99,55.80,captured
PAY_PROD_000169,ORD_PROD_000169,799.99,INR,card,RuPay,domestic,2026-08-27T10:50:00,12.40,2.23,captured
PAY_PROD_000170,ORD_PROD_000170,4999.00,INR,card,Visa,domestic,2026-08-27T11:08:00,77.48,13.95,captured
PAY_PROD_000171,ORD_PROD_000171,1499.00,INR,card,RuPay,domestic,2026-08-27T11:19:00,23.23,4.18,captured
PAY_PROD_000172,ORD_PROD_000172,1999.99,INR,card,Visa,domestic,2026-08-27T11:44:00,31.00,5.58,captured
PAY_PROD_000173,ORD_PROD_000173,7499.99,INR,card,Mastercard,domestic,2026-08-27T11:58:00,116.25,20.93,captured
PAY_PROD_000174,ORD_PROD_000174,4999.50,INR,card,Visa,domestic,2026-08-27T12:16:00,77.49,13.95,captured
PAY_PROD_000175,ORD_PROD_000175,4999.00,INR,card,RuPay,domestic,2026-08-27T12:37:00,77.48,13.95,captured
PAY_PROD_000176,ORD_PROD_000176,19999.00,INR,card,Visa,domestic,2026-08-27T12:50:00,309.98,55.80,captured
PAY_PROD_000177,ORD_PROD_000177,12499.99,INR,card,Visa,domestic,2026-08-27T13:14:00,193.75,34.88,captured
PAY_PROD_000178,ORD_PROD_000178,999.00,INR,card,Mastercard,domestic,2026-08-27T13:34:00,15.48,2.79,captured
PAY_PROD_000179,ORD_PROD_000179,7499.50,INR,card,RuPay,domestic,2026-08-27T13:48:00,116.24,20.92,captured
PAY_PROD_000180,ORD_PROD_000180,799.99,INR,card,Visa,domestic,2026-08-27T14:05:00,12.40,2.23,captured
PAY_PROD_000181,ORD_PROD_000181,3499.50,INR,card,Mastercard,domestic,2026-08-27T14:29:00,54.24,9.76,captured
PAY_PROD_000182,ORD_PROD_000182,14999.50,INR,card,Visa,domestic,2026-08-27T14:42:00,232.49,41.85,captured
PAY_PROD_000183,ORD_PROD_000183,2499.99,INR,card,RuPay,domestic,2026-08-27T14:56:00,38.75,6.98,captured
PAY_PROD_000184,ORD_PROD_000184,19999.00,INR,card,Mastercard,domestic,2026-08-27T15:22:00,309.98,55.80,captured
PAY_PROD_000185,ORD_PROD_000185,1999.00,INR,card,Visa,domestic,2026-08-27T15:36:00,30.98,5.58,captured
PAY_PROD_000186,ORD_PROD_000186,499.50,INR,card,Mastercard,domestic,2026-08-27T15:49:00,7.74,1.39,captured
PAY_PROD_000187,ORD_PROD_000187,19999.00,INR,card,RuPay,domestic,2026-08-27T16:17:00,309.98,55.80,captured
PAY_PROD_000188,ORD_PROD_000188,799.00,INR,card,Visa,domestic,2026-08-27T16:26:00,12.38,2.23,captured
PAY_PROD_000189,ORD_PROD_000189,7499.00,INR,card,Mastercard,domestic,2026-08-27T16:48:00,116.23,20.92,captured
PAY_PROD_000190,ORD_PROD_000190,999.00,INR,card,RuPay,domestic,2026-08-27T17:08:00,15.48,2.79,captured
PAY_PROD_000191,ORD_PROD_000191,3499.00,INR,card,Visa,domestic,2026-08-27T17:18:00,54.23,9.76,captured
PAY_PROD_000192,ORD_PROD_000192,7499.99,INR,card,Mastercard,domestic,2026-08-27T17:47:00,116.25,20.93,captured
PAY_PROD_000193,ORD_PROD_000193,19999.00,INR,card,Visa,domestic,2026-08-27T17:56:00,309.98,55.80,captured
PAY_PROD_000194,ORD_PROD_000194,4999.99,INR,card,Mastercard,domestic,2026-08-27T18:17:00,77.50,17.05,captured
PAY_PROD_000195,ORD_PROD_000195,7499.50,INR,card,RuPay,domestic,2026-08-27T18:38:00,116.24,20.92,captured
PAY_PROD_000196,ORD_PROD_000196,9999.50,INR,card,Visa,domestic,2026-08-27T18:57:00,154.99,27.90,captured
PAY_PROD_000197,ORD_PROD_000197,499.00,INR,card,Visa,domestic,2026-08-27T19:13:00,7.73,1.39,captured
PAY_PROD_000198,ORD_PROD_000198,4999.00,INR,card,Visa,domestic,2026-08-27T19:25:00,77.48,13.95,captured
PAY_PROD_000199,ORD_PROD_000199,12499.50,INR,card,Visa,domestic,2026-08-27T19:51:00,193.74,34.87,captured
PAY_PROD_000200,ORD_PROD_000200,9999.00,INR,card,RuPay,domestic,2026-08-27T20:05:00,154.98,27.90,captured
PAY_PROD_000201,ORD_PROD_000201,4999.99,INR,card,RuPay,domestic,2026-08-27T20:25:00,77.50,13.95,captured
PAY_PROD_000202,ORD_PROD_000202,499.99,INR,card,Visa,domestic,2026-08-27T20:47:00,7.75,1.40,captured
PAY_PROD_000203,ORD_PROD_000203,299.00,INR,card,Mastercard,domestic,2026-08-27T21:03:00,4.63,0.83,captured
PAY_PROD_000204,ORD_PROD_000204,199.99,INR,card,Mastercard,domestic,2026-08-27T21:19:00,3.10,0.56,captured
PAY_PROD_000205,ORD_PROD_000205,499.00,INR,card,Mastercard,domestic,2026-08-27T21:35:00,7.73,1.39,captured
PAY_PROD_000206,ORD_PROD_000206,299.99,INR,card,Visa,domestic,2026-08-27T21:51:00,4.65,0.84,captured
PAY_PROD_000207,ORD_PROD_000207,3499.00,INR,card,RuPay,domestic,2026-08-27T22:07:00,54.23,9.76,captured
PAY_PROD_000208,ORD_PROD_000208,299.00,INR,card,Mastercard,domestic,2026-08-27T22:31:00,4.63,0.83,captured
PAY_PROD_000209,ORD_PROD_000209,1999.99,INR,card,Mastercard,domestic,2026-08-27T22:48:00,31.00,5.58,captured
PAY_PROD_000210,ORD_PROD_000210,199.99,INR,card,Visa,domestic,2026-08-27T23:09:00,3.10,0.56,captured
PAY_PROD_000211,ORD_PROD_000211,2499.99,INR,card,Mastercard,domestic,2026-08-27T23:23:00,38.75,6.98,captured
PAY_PROD_000212,ORD_PROD_000212,199.00,INR,card,Visa,domestic,2026-08-27T23:37:00,3.08,0.55,captured
PAY_PROD_000213,ORD_PROD_000213,14999.99,INR,card,Mastercard,domestic,2026-08-28T00:04:00,232.50,41.85,captured
PAY_PROD_000214,ORD_PROD_000214,499.00,INR,card,Mastercard,domestic,2026-08-28T00:18:00,7.73,1.39,captured
PAY_PROD_000215,ORD_PROD_000215,9999.50,INR,card,Visa,domestic,2026-08-28T00:31:00,154.99,27.90,captured
PAY_PROD_000216,ORD_PROD_000216,2499.50,INR,card,Mastercard,domestic,2026-08-28T00:55:00,38.74,6.97,captured
PAY_PROD_000217,ORD_PROD_000217,799.50,INR,card,RuPay,domestic,2026-08-28T01:12:00,12.39,2.23,captured
PAY_PROD_000218,ORD_PROD_000218,19999.00,INR,card,Visa,domestic,2026-08-28T01:30:00,309.98,55.80,captured
PAY_PROD_000219,ORD_PROD_000219,4999.00,INR,card,Mastercard,domestic,2026-08-28T01:44:00,77.48,13.95,captured
PAY_PROD_000220,ORD_PROD_000220,12499.00,INR,card,RuPay,domestic,2026-08-28T02:02:00,193.73,34.87,captured
PAY_PROD_000221,ORD_PROD_000221,7499.00,INR,card,RuPay,domestic,2026-08-28T02:23:00,116.23,20.92,captured
PAY_PROD_000222,ORD_PROD_000222,999.00,INR,card,Mastercard,domestic,2026-08-28T02:41:00,15.48,2.79,captured
PAY_PROD_000223,ORD_PROD_000223,9999.00,INR,card,RuPay,domestic,2026-08-28T02:54:00,154.98,27.90,captured
PAY_PROD_000224,ORD_PROD_000224,9999.00,INR,card,Mastercard,domestic,2026-08-28T03:22:00,154.98,27.90,captured
PAY_PROD_000225,ORD_PROD_000225,7499.99,INR,card,Mastercard,domestic,2026-08-28T03:32:00,116.25,20.93,captured
PAY_PROD_000226,ORD_PROD_000226,3499.00,INR,card,RuPay,domestic,2026-08-28T03:56:00,54.23,9.76,captured
PAY_PROD_000227,ORD_PROD_000227,4999.00,INR,card,Mastercard,domestic,2026-08-28T04:07:00,77.48,13.95,captured
PAY_PROD_000228,ORD_PROD_000228,199.99,INR,card,Mastercard,domestic,2026-08-28T04:28:00,3.10,0.56,captured
PAY_PROD_000229,ORD_PROD_000229,14999.00,INR,card,Visa,domestic,2026-08-28T04:48:00,232.48,41.85,captured
PAY_PROD_000230,ORD_PROD_000230,9999.00,INR,card,RuPay,domestic,2026-08-28T05:06:00,154.98,27.90,captured
PAY_PROD_000231,ORD_PROD_000231,199.50,INR,card,Visa,domestic,2026-08-28T05:21:00,3.09,0.56,captured
PAY_PROD_000232,ORD_PROD_000232,7499.00,INR,card,Visa,domestic,2026-08-28T05:36:00,116.23,20.92,captured
PAY_PROD_000233,ORD_PROD_000233,799.00,INR,card,Mastercard,domestic,2026-08-28T06:03:00,12.38,2.23,captured
PAY_PROD_000234,ORD_PROD_000234,19999.00,INR,card,Visa,domestic,2026-08-28T06:17:00,309.98,55.80,captured
PAY_PROD_000235,ORD_PROD_000235,4999.00,INR,card,RuPay,domestic,2026-08-28T06:39:00,77.48,13.95,captured
PAY_PROD_000236,ORD_PROD_000236,7499.00,INR,card,Mastercard,domestic,2026-08-28T06:58:00,116.23,20.92,captured
PAY_PROD_000237,ORD_PROD_000237,7499.00,INR,card,Mastercard,domestic,2026-08-28T07:07:00,116.23,20.92,captured
PAY_PROD_000238,ORD_PROD_000238,19999.00,INR,card,Visa,domestic,2026-08-28T07:31:00,309.98,55.80,captured
PAY_PROD_000239,ORD_PROD_000239,12499.00,INR,card,Mastercard,domestic,2026-08-28T07:51:00,193.73,34.87,captured
PAY_PROD_000240,ORD_PROD_000240,19999.50,INR,card,Visa,domestic,2026-08-28T08:08:00,309.99,55.80,captured
PAY_PROD_000241,ORD_PROD_000241,12499.00,INR,card,Mastercard,domestic,2026-08-28T08:27:00,193.73,34.87,captured
PAY_PROD_000242,ORD_PROD_000242,7499.00,INR,card,Mastercard,domestic,2026-08-28T08:47:00,116.23,20.92,captured
PAY_PROD_000243,ORD_PROD_000243,12499.50,INR,card,Visa,domestic,2026-08-28T08:56:00,193.74,34.87,captured
PAY_PROD_000244,ORD_PROD_000244,14999.00,INR,card,Visa,domestic,2026-08-28T09:17:00,262.48,47.25,captured
PAY_PROD_000245,ORD_PROD_000245,3499.00,INR,card,Visa,domestic,2026-08-28T09:35:00,54.23,9.76,captured
PAY_PROD_000246,ORD_PROD_000246,799.00,INR,card,Visa,domestic,2026-08-28T09:58:00,12.38,2.23,captured
PAY_PROD_000247,ORD_PROD_000247,19999.99,INR,card,Visa,domestic,2026-08-28T10:16:00,350.00,63.00,captured
PAY_PROD_000248,ORD_PROD_000248,3499.00,INR,card,Mastercard,domestic,2026-08-28T10:33:00,54.23,9.76,captured
PAY_PROD_000249,ORD_PROD_000249,1999.99,INR,card,RuPay,domestic,2026-08-28T10:50:00,31.00,5.58,captured
PAY_PROD_000250,ORD_PROD_000250,2499.00,INR,card,Visa,domestic,2026-08-28T11:10:00,38.73,6.97,captured
PAY_PROD_000251,ORD_PROD_000251,4999.50,INR,card,RuPay,domestic,2026-08-28T11:18:00,77.49,13.95,captured
PAY_PROD_000252,ORD_PROD_000252,19999.00,INR,card,Visa,domestic,2026-08-28T11:42:00,309.98,55.80,captured
PAY_PROD_000253,ORD_PROD_000253,14999.00,INR,card,Mastercard,domestic,2026-08-28T12:04:00,232.48,41.85,captured
PAY_PROD_000254,ORD_PROD_000254,7499.00,INR,card,RuPay,domestic,2026-08-28T12:19:00,116.23,20.92,captured
PAY_PROD_000255,ORD_PROD_000255,4999.00,INR,card,RuPay,domestic,2026-08-28T12:41:00,77.48,13.95,captured
PAY_PROD_000256,ORD_PROD_000256,9999.00,INR,card,RuPay,domestic,2026-08-28T12:50:00,154.98,27.90,captured
PAY_PROD_000257,ORD_PROD_000257,1499.99,INR,card,Mastercard,domestic,2026-08-28T13:08:00,23.25,4.19,captured
PAY_PROD_000258,ORD_PROD_000258,9999.00,INR,card,RuPay,domestic,2026-08-28T13:33:00,154.98,27.90,captured
PAY_PROD_000259,ORD_PROD_000259,19999.99,INR,card,RuPay,domestic,2026-08-28T13:47:00,350.00,63.00,captured
PAY_PROD_000260,ORD_PROD_000260,14999.99,INR,card,RuPay,domestic,2026-08-28T14:11:00,232.50,41.85,captured
PAY_PROD_000261,ORD_PROD_000261,3499.00,INR,card,Mastercard,domestic,2026-08-28T14:29:00,54.23,9.76,captured
PAY_PROD_000262,ORD_PROD_000262,12499.00,INR,card,Mastercard,domestic,2026-08-28T14:47:00,218.73,39.37,captured
PAY_PROD_000263,ORD_PROD_000263,999.99,INR,card,RuPay,domestic,2026-08-28T15:04:00,17.50,3.15,captured
PAY_PROD_000264,ORD_PROD_000264,4999.00,INR,card,Visa,domestic,2026-08-28T15:22:00,77.48,13.95,captured
PAY_PROD_000265,ORD_PROD_000265,999.00,INR,card,Mastercard,domestic,2026-08-28T15:30:00,15.48,2.79,captured
PAY_PROD_000266,ORD_PROD_000266,12499.50,INR,card,Mastercard,domestic,2026-08-28T15:57:00,193.74,34.87,captured
PAY_PROD_000267,ORD_PROD_000267,799.00,INR,card,Visa,domestic,2026-08-28T16:14:00,12.38,2.23,captured
PAY_PROD_000268,ORD_PROD_000268,9999.00,INR,card,RuPay,domestic,2026-08-28T16:33:00,154.98,27.90,captured
PAY_PROD_000269,ORD_PROD_000269,7499.99,INR,card,Mastercard,domestic,2026-08-28T16:42:00,116.25,20.93,captured
PAY_PROD_000270,ORD_PROD_000270,1499.00,INR,card,Mastercard,domestic,2026-08-28T17:00:00,23.23,4.18,captured
PAY_PROD_000271,ORD_PROD_000271,4999.50,INR,card,Visa,domestic,2026-08-28T17:24:00,77.49,13.95,captured
PAY_PROD_000272,ORD_PROD_000272,1499.50,INR,card,Mastercard,domestic,2026-08-28T17:39:00,23.24,4.18,captured
PAY_PROD_000273,ORD_PROD_000273,1999.99,INR,card,Mastercard,domestic,2026-08-28T18:02:00,31.00,5.58,captured
PAY_PROD_000274,ORD_PROD_000274,14999.00,INR,card,Mastercard,domestic,2026-08-28T18:15:00,232.48,41.85,captured
PAY_PROD_000275,ORD_PROD_000275,14999.00,INR,card,Mastercard,domestic,2026-08-28T18:40:00,232.48,41.85,captured
PAY_PROD_000276,ORD_PROD_000276,499.50,INR,card,RuPay,domestic,2026-08-28T18:55:00,7.74,1.39,captured
PAY_PROD_000277,ORD_PROD_000277,7499.00,INR,card,Mastercard,domestic,2026-08-28T19:16:00,116.23,20.92,captured
PAY_PROD_000278,ORD_PROD_000278,999.00,INR,card,Visa,domestic,2026-08-28T19:25:00,15.48,2.79,captured
PAY_PROD_000279,ORD_PROD_000279,12499.00,INR,card,Visa,domestic,2026-08-28T19:49:00,193.73,34.87,captured
PAY_PROD_000280,ORD_PROD_000280,1499.99,INR,card,Mastercard,domestic,2026-08-28T20:11:00,23.25,4.19,captured
PAY_PROD_000281,ORD_PROD_000281,19999.00,INR,card,Mastercard,domestic,2026-08-28T20:27:00,309.98,55.80,captured
PAY_PROD_000282,ORD_PROD_000282,7499.99,INR,card,Visa,domestic,2026-08-28T20:40:00,131.25,23.63,captured
PAY_PROD_000283,ORD_PROD_000283,1999.50,INR,card,Mastercard,domestic,2026-08-28T20:57:00,30.99,6.82,captured
PAY_PROD_000284,ORD_PROD_000284,499.00,INR,card,Mastercard,domestic,2026-08-28T21:15:00,7.73,1.39,captured
PAY_PROD_000285,ORD_PROD_000285,999.50,INR,card,RuPay,domestic,2026-08-28T21:32:00,15.49,2.79,captured
PAY_PROD_000286,ORD_PROD_000286,799.00,INR,card,Visa,domestic,2026-08-28T21:53:00,12.38,2.23,captured
PAY_PROD_000287,ORD_PROD_000287,2499.50,INR,card,Visa,domestic,2026-08-28T22:10:00,38.74,6.97,captured
PAY_PROD_000288,ORD_PROD_000288,7499.50,INR,card,RuPay,domestic,2026-08-28T22:32:00,116.24,20.92,captured
PAY_PROD_000289,ORD_PROD_000289,19999.00,INR,card,Visa,domestic,2026-08-28T22:42:00,309.98,55.80,captured
PAY_PROD_000290,ORD_PROD_000290,1999.00,INR,card,RuPay,domestic,2026-08-28T23:08:00,30.98,5.58,captured
PAY_PROD_000291,ORD_PROD_000291,7499.00,INR,card,Mastercard,domestic,2026-08-28T23:24:00,116.23,20.92,captured
PAY_PROD_000292,ORD_PROD_000292,499.50,INR,card,Mastercard,domestic,2026-08-28T23:43:00,7.74,1.39,captured
PAY_PROD_000293,ORD_PROD_000293,14999.99,INR,card,Visa,domestic,2026-08-29T00:03:00,232.50,41.85,captured
PAY_PROD_000294,ORD_PROD_000294,1499.50,INR,card,Visa,domestic,2026-08-29T00:22:00,23.24,4.18,captured
PAY_PROD_000295,ORD_PROD_000295,199.00,INR,card,Visa,domestic,2026-08-29T00:31:00,3.08,0.55,captured
PAY_PROD_000296,ORD_PROD_000296,1499.00,INR,card,Mastercard,domestic,2026-08-29T00:54:00,23.23,4.18,captured
PAY_PROD_000297,ORD_PROD_000297,1999.00,INR,card,Visa,domestic,2026-08-29T01:12:00,30.98,5.58,captured
PAY_PROD_000298,ORD_PROD_000298,799.99,INR,card,RuPay,domestic,2026-08-29T01:31:00,12.40,2.23,captured
PAY_PROD_000299,ORD_PROD_000299,499.00,INR,card,Visa,domestic,2026-08-29T01:52:00,7.73,1.39,captured
PAY_PROD_000300,ORD_PROD_000300,299.99,INR,card,Visa,domestic,2026-08-29T02:11:00,4.65,0.84,captured
PAY_PROD_000301,ORD_PROD_000301,499.00,INR,card,RuPay,domestic,2026-08-29T02:23:00,7.73,1.39,captured
PAY_PROD_000302,ORD_PROD_000302,14999.00,INR,card,Mastercard,domestic,2026-08-29T02:47:00,232.48,41.85,captured
PAY_PROD_000303,ORD_PROD_000303,3499.00,INR,card,Visa,domestic,2026-08-29T02:56:00,54.23,9.76,captured
PAY_PROD_000304,ORD_PROD_000304,1499.00,INR,card,RuPay,domestic,2026-08-29T03:23:00,23.23,4.18,captured
PAY_PROD_000305,ORD_PROD_000305,19999.99,INR,card,RuPay,domestic,2026-08-29T03:36:00,310.00,55.80,captured
PAY_PROD_000306,ORD_PROD_000306,1499.00,INR,card,Visa,domestic,2026-08-29T03:59:00,23.23,4.18,captured
PAY_PROD_000307,ORD_PROD_000307,2499.50,INR,card,RuPay,domestic,2026-08-29T04:13:00,38.74,6.97,captured
PAY_PROD_000308,ORD_PROD_000308,1499.00,INR,card,Mastercard,domestic,2026-08-29T04:34:00,23.23,4.18,captured
PAY_PROD_000309,ORD_PROD_000309,2499.00,INR,card,Visa,domestic,2026-08-29T04:46:00,38.73,6.97,captured
PAY_PROD_000310,ORD_PROD_000310,14999.99,INR,card,Mastercard,domestic,2026-08-29T05:09:00,232.50,41.85,captured
PAY_PROD_000311,ORD_PROD_000311,19999.50,INR,card,Visa,domestic,2026-08-29T05:20:00,309.99,55.80,captured
PAY_PROD_000312,ORD_PROD_000312,19999.99,INR,card,Visa,domestic,2026-08-29T05:44:00,310.00,55.80,captured
PAY_PROD_000313,ORD_PROD_000313,19999.50,INR,card,RuPay,domestic,2026-08-29T05:55:00,309.99,55.80,captured
PAY_PROD_000314,ORD_PROD_000314,499.50,INR,card,RuPay,domestic,2026-08-29T06:20:00,8.74,1.57,captured
PAY_PROD_000315,ORD_PROD_000315,4999.50,INR,card,Mastercard,domestic,2026-08-29T06:36:00,77.49,13.95,captured
PAY_PROD_000316,ORD_PROD_000316,19999.00,INR,card,Mastercard,domestic,2026-08-29T06:58:00,309.98,55.80,captured
PAY_PROD_000317,ORD_PROD_000317,199.00,INR,card,Mastercard,domestic,2026-08-29T07:11:00,3.08,0.55,captured
PAY_PROD_000318,ORD_PROD_000318,1499.99,INR,card,Visa,domestic,2026-08-29T07:28:00,23.25,4.19,captured
PAY_PROD_000319,ORD_PROD_000319,12499.00,INR,card,Visa,domestic,2026-08-29T07:42:00,193.73,34.87,captured
PAY_PROD_000320,ORD_PROD_000320,7499.00,INR,card,Mastercard,domestic,2026-08-29T08:05:00,116.23,20.92,captured
PAY_PROD_000321,ORD_PROD_000321,7499.00,INR,card,RuPay,domestic,2026-08-29T08:26:00,116.23,20.92,captured
PAY_PROD_000322,ORD_PROD_000322,2499.00,INR,card,Mastercard,domestic,2026-08-29T08:47:00,38.73,6.97,captured
PAY_PROD_000323,ORD_PROD_000323,199.99,INR,card,RuPay,domestic,2026-08-29T08:54:00,3.10,0.56,captured
PAY_PROD_000324,ORD_PROD_000324,3499.00,INR,card,Visa,domestic,2026-08-29T09:16:00,54.23,9.76,captured
PAY_PROD_000325,ORD_PROD_000325,799.00,INR,card,Mastercard,domestic,2026-08-29T09:30:00,12.38,2.23,captured
PAY_PROD_000326,ORD_PROD_000326,14999.99,INR,card,RuPay,domestic,2026-08-29T09:58:00,232.50,41.85,captured
PAY_PROD_000327,ORD_PROD_000327,7499.00,INR,card,RuPay,domestic,2026-08-29T10:12:00,116.23,20.92,captured
PAY_PROD_000328,ORD_PROD_000328,3499.50,INR,card,RuPay,domestic,2026-08-29T10:32:00,54.24,9.76,captured
PAY_PROD_000329,ORD_PROD_000329,14999.50,INR,card,Visa,domestic,2026-08-29T10:51:00,232.49,41.85,captured
PAY_PROD_000330,ORD_PROD_000330,19999.99,INR,card,RuPay,domestic,2026-08-29T11:02:00,310.00,55.80,captured
PAY_PROD_000331,ORD_PROD_000331,3499.00,INR,card,RuPay,domestic,2026-08-29T11:18:00,54.23,9.76,captured
PAY_PROD_000332,ORD_PROD_000332,4999.99,INR,card,RuPay,domestic,2026-08-29T11:38:00,77.50,13.95,captured
PAY_PROD_000333,ORD_PROD_000333,7499.00,INR,card,Visa,domestic,2026-08-29T12:05:00,116.23,20.92,captured
PAY_PROD_000334,ORD_PROD_000334,2499.00,INR,card,Visa,domestic,2026-08-29T12:20:00,38.73,6.97,captured
PAY_PROD_000335,ORD_PROD_000335,1999.99,INR,card,RuPay,domestic,2026-08-29T12:35:00,31.00,5.58,captured
PAY_PROD_000336,ORD_PROD_000336,9999.00,INR,card,Visa,domestic,2026-08-29T12:59:00,154.98,27.90,captured
PAY_PROD_000337,ORD_PROD_000337,14999.00,INR,card,RuPay,domestic,2026-08-29T13:07:00,232.48,41.85,captured
PAY_PROD_000338,ORD_PROD_000338,199.50,INR,card,RuPay,domestic,2026-08-29T13:34:00,3.09,0.56,captured
PAY_PROD_000339,ORD_PROD_000339,799.00,INR,card,RuPay,domestic,2026-08-29T13:43:00,12.38,2.23,captured
PAY_PROD_000340,ORD_PROD_000340,1999.00,INR,card,RuPay,domestic,2026-08-29T14:02:00,30.98,5.58,captured
PAY_PROD_000341,ORD_PROD_000341,999.00,INR,card,Mastercard,domestic,2026-08-29T14:28:00,15.48,2.79,captured
PAY_PROD_000342,ORD_PROD_000342,999.50,INR,card,Visa,domestic,2026-08-29T14:45:00,15.49,2.79,captured
PAY_PROD_000343,ORD_PROD_000343,3499.99,INR,card,Mastercard,domestic,2026-08-29T14:58:00,54.25,9.77,captured
PAY_PROD_000344,ORD_PROD_000344,7499.00,INR,card,RuPay,domestic,2026-08-29T15:17:00,116.23,20.92,captured
PAY_PROD_000345,ORD_PROD_000345,1499.50,INR,card,Visa,domestic,2026-08-29T15:41:00,23.24,4.18,captured
PAY_PROD_000346,ORD_PROD_000346,7499.00,INR,card,RuPay,domestic,2026-08-29T15:52:00,116.23,20.92,captured
PAY_PROD_000347,ORD_PROD_000347,199.00,INR,card,Mastercard,domestic,2026-08-29T16:06:00,3.08,0.55,captured
PAY_PROD_000348,ORD_PROD_000348,2499.50,INR,card,RuPay,domestic,2026-08-29T16:33:00,38.74,6.97,captured
PAY_PROD_000349,ORD_PROD_000349,3499.50,INR,card,RuPay,domestic,2026-08-29T16:45:00,54.24,9.76,captured
PAY_PROD_000350,ORD_PROD_000350,799.50,INR,card,Visa,domestic,2026-08-29T17:07:00,12.39,2.23,captured
PAY_PROD_000351,ORD_PROD_000351,4999.00,INR,card,Visa,domestic,2026-08-29T17:26:00,77.48,13.95,captured
PAY_PROD_000352,ORD_PROD_000352,19999.00,INR,card,Visa,domestic,2026-08-29T17:44:00,309.98,55.80,captured
PAY_PROD_000353,ORD_PROD_000353,7499.00,INR,card,Mastercard,domestic,2026-08-29T18:05:00,116.23,20.92,captured
PAY_PROD_000354,ORD_PROD_000354,1499.99,INR,card,RuPay,domestic,2026-08-29T18:15:00,23.25,4.19,captured
PAY_PROD_000355,ORD_PROD_000355,4999.00,INR,card,Mastercard,domestic,2026-08-29T18:39:00,77.48,13.95,captured
PAY_PROD_000356,ORD_PROD_000356,199.50,INR,card,RuPay,domestic,2026-08-29T18:55:00,3.09,0.56,captured
PAY_PROD_000357,ORD_PROD_000357,499.00,INR,card,RuPay,domestic,2026-08-29T19:13:00,7.73,1.39,captured
PAY_PROD_000358,ORD_PROD_000358,9999.00,INR,card,RuPay,domestic,2026-08-29T19:35:00,154.98,27.90,captured
PAY_PROD_000359,ORD_PROD_000359,1499.99,INR,card,RuPay,domestic,2026-08-29T19:50:00,23.25,4.19,captured
PAY_PROD_000360,ORD_PROD_000360,499.00,INR,card,Visa,domestic,2026-08-29T20:03:00,7.73,1.39,captured
PAY_PROD_000361,ORD_PROD_000361,1999.00,INR,card,RuPay,domestic,2026-08-29T20:23:00,30.98,5.58,captured
PAY_PROD_000362,ORD_PROD_000362,199.00,INR,card,Mastercard,domestic,2026-08-29T20:43:00,3.08,0.55,captured
PAY_PROD_000363,ORD_PROD_000363,7499.00,INR,card,Mastercard,domestic,2026-08-29T20:54:00,116.23,20.92,captured
PAY_PROD_000364,ORD_PROD_000364,299.00,INR,card,RuPay,domestic,2026-08-29T21:22:00,5.23,0.94,captured
PAY_PROD_000365,ORD_PROD_000365,499.50,INR,card,Visa,domestic,2026-08-29T21:41:00,7.74,1.39,captured
PAY_PROD_000366,ORD_PROD_000366,499.50,INR,card,RuPay,domestic,2026-08-29T21:50:00,7.74,1.39,captured
PAY_PROD_000367,ORD_PROD_000367,1999.99,INR,card,Mastercard,domestic,2026-08-29T22:17:00,31.00,5.58,captured
PAY_PROD_000368,ORD_PROD_000368,199.99,INR,card,Mastercard,domestic,2026-08-29T22:24:00,3.10,0.56,captured
PAY_PROD_000369,ORD_PROD_000369,14999.00,INR,card,Visa,domestic,2026-08-29T22:47:00,232.48,41.85,captured
PAY_PROD_000370,ORD_PROD_000370,2499.50,INR,card,Mastercard,domestic,2026-08-29T23:09:00,38.74,6.97,captured
PAY_PROD_000371,ORD_PROD_000371,499.00,INR,card,Mastercard,domestic,2026-08-29T23:25:00,7.73,1.39,captured
PAY_PROD_000372,ORD_PROD_000372,14999.00,INR,card,Visa,domestic,2026-08-29T23:37:00,232.48,41.85,captured
PAY_PROD_000373,ORD_PROD_000373,12499.00,INR,card,Mastercard,domestic,2026-08-30T00:04:00,193.73,34.87,captured
PAY_PROD_000374,ORD_PROD_000374,299.50,INR,card,RuPay,domestic,2026-08-30T00:22:00,5.24,0.94,captured
PAY_PROD_000375,ORD_PROD_000375,7499.99,INR,card,Mastercard,domestic,2026-08-30T00:40:00,116.25,20.93,captured
PAY_PROD_000376,ORD_PROD_000376,12499.00,INR,card,Mastercard,domestic,2026-08-30T00:54:00,193.73,34.87,captured
PAY_PROD_000377,ORD_PROD_000377,4999.50,INR,card,Mastercard,domestic,2026-08-30T01:14:00,77.49,13.95,captured
PAY_PROD_000378,ORD_PROD_000378,199.00,INR,card,Visa,domestic,2026-08-30T01:28:00,3.09,0.55,captured
PAY_PROD_000379,ORD_PROD_000379,4999.50,INR,card,Mastercard,domestic,2026-08-30T01:47:00,77.49,13.95,captured
PAY_PROD_000380,ORD_PROD_000380,999.50,INR,card,RuPay,domestic,2026-08-30T02:08:00,15.49,2.79,captured
PAY_PROD_000381,ORD_PROD_000381,9999.99,INR,card,Mastercard,domestic,2026-08-30T02:18:00,155.00,27.90,captured
PAY_PROD_000382,ORD_PROD_000382,799.00,INR,card,RuPay,domestic,2026-08-30T02:46:00,12.38,2.23,captured
PAY_PROD_000383,ORD_PROD_000383,7499.00,INR,card,Mastercard,domestic,2026-08-30T03:00:00,116.23,20.92,captured
PAY_PROD_000384,ORD_PROD_000384,799.99,INR,card,RuPay,domestic,2026-08-30T03:17:00,12.40,2.23,captured
PAY_PROD_000385,ORD_PROD_000385,199.00,INR,card,Mastercard,domestic,2026-08-30T03:41:00,3.08,0.55,captured
PAY_PROD_000386,ORD_PROD_000386,14999.00,INR,card,Visa,domestic,2026-08-30T03:57:00,232.48,41.85,captured
PAY_PROD_000387,ORD_PROD_000387,4999.00,INR,card,RuPay,domestic,2026-08-30T04:16:00,77.48,13.95,captured
PAY_PROD_000388,ORD_PROD_000388,999.99,INR,card,Mastercard,domestic,2026-08-30T04:26:00,15.50,2.79,captured
PAY_PROD_000389,ORD_PROD_000389,9999.00,INR,card,RuPay,domestic,2026-08-30T04:47:00,154.98,27.90,captured
PAY_PROD_000390,ORD_PROD_000390,499.00,INR,card,Mastercard,domestic,2026-08-30T05:01:00,7.73,1.39,captured
PAY_PROD_000391,ORD_PROD_000391,799.00,INR,card,Visa,domestic,2026-08-30T05:29:00,12.38,2.23,captured
PAY_PROD_000392,ORD_PROD_000392,999.00,INR,card,Mastercard,domestic,2026-08-30T05:41:00,15.48,2.79,captured
PAY_PROD_000393,ORD_PROD_000393,999.00,INR,card,RuPay,domestic,2026-08-30T06:04:00,15.48,2.79,captured
PAY_PROD_000394,ORD_PROD_000394,19999.99,INR,card,RuPay,domestic,2026-08-30T06:21:00,310.00,55.80,captured
PAY_PROD_000395,ORD_PROD_000395,299.00,INR,card,RuPay,domestic,2026-08-30T06:31:00,4.63,0.83,captured
PAY_PROD_000396,ORD_PROD_000396,1999.00,INR,card,RuPay,domestic,2026-08-30T06:50:00,30.98,5.58,captured
PAY_PROD_000397,ORD_PROD_000397,3499.99,INR,card,Visa,domestic,2026-08-30T07:15:00,54.25,9.77,captured
PAY_PROD_000398,ORD_PROD_000398,199.00,INR,card,Visa,domestic,2026-08-30T07:29:00,3.08,0.55,captured
PAY_PROD_000399,ORD_PROD_000399,999.00,INR,card,RuPay,domestic,2026-08-30T07:44:00,15.48,2.79,captured
PAY_PROD_000400,ORD_PROD_000400,299.00,INR,card,Visa,domestic,2026-08-30T08:10:00,4.63,0.83,captured
PAY_PROD_000401,ORD_PROD_000401,14999.99,INR,card,RuPay,domestic,2026-08-30T08:24:00,232.50,41.85,captured
PAY_PROD_000402,ORD_PROD_000402,1999.99,INR,card,Mastercard,domestic,2026-08-30T08:40:00,31.00,5.58,captured
PAY_PROD_000403,ORD_PROD_000403,14999.00,INR,card,Visa,domestic,2026-08-30T09:00:00,232.48,41.85,captured
PAY_PROD_000404,ORD_PROD_000404,299.00,INR,card,Mastercard,domestic,2026-08-30T09:16:00,4.63,0.83,captured
PAY_PROD_000405,ORD_PROD_000405,7499.00,INR,card,Mastercard,domestic,2026-08-30T09:31:00,116.23,20.92,captured
PAY_PROD_000406,ORD_PROD_000406,4999.00,INR,card,Mastercard,domestic,2026-08-30T09:53:00,77.48,13.95,captured
PAY_PROD_000407,ORD_PROD_000407,799.50,INR,card,Visa,domestic,2026-08-30T10:14:00,12.39,2.23,captured
PAY_PROD_000408,ORD_PROD_000408,9999.00,INR,card,RuPay,domestic,2026-08-30T10:26:00,154.98,27.90,captured
PAY_PROD_000409,ORD_PROD_000409,1999.00,INR,card,Visa,domestic,2026-08-30T10:45:00,30.98,5.58,captured
PAY_PROD_000410,ORD_PROD_000410,999.50,INR,card,Visa,domestic,2026-08-30T11:00:00,15.49,2.79,captured
PAY_PROD_000411,ORD_PROD_000411,499.50,INR,card,Visa,domestic,2026-08-30T11:19:00,7.74,1.39,captured
PAY_PROD_000412,ORD_PROD_000412,999.99,INR,card,Visa,domestic,2026-08-30T11:36:00,15.50,2.79,captured
PAY_PROD_000413,ORD_PROD_000413,9999.00,INR,card,RuPay,domestic,2026-08-30T12:03:00,154.98,27.90,captured
PAY_PROD_000414,ORD_PROD_000414,4999.00,INR,card,RuPay,domestic,2026-08-30T12:18:00,77.48,13.95,captured
PAY_PROD_000415,ORD_PROD_000415,1999.99,INR,card,RuPay,domestic,2026-08-30T12:40:00,31.00,5.58,captured
PAY_PROD_000416,ORD_PROD_000416,1499.99,INR,card,RuPay,domestic,2026-08-30T12:53:00,23.25,4.19,captured
PAY_PROD_000417,ORD_PROD_000417,2499.50,INR,card,RuPay,domestic,2026-08-30T13:11:00,38.74,6.97,captured
PAY_PROD_000418,ORD_PROD_000418,9999.50,INR,card,Visa,domestic,2026-08-30T13:27:00,154.99,27.90,captured
PAY_PROD_000419,ORD_PROD_000419,12499.00,INR,card,Visa,domestic,2026-08-30T13:43:00,193.73,34.87,captured
PAY_PROD_000420,ORD_PROD_000420,3499.00,INR,card,Visa,domestic,2026-08-30T14:01:00,54.23,9.76,captured
PAY_PROD_000421,ORD_PROD_000421,9999.50,INR,card,Visa,domestic,2026-08-30T14:18:00,154.99,27.90,captured
PAY_PROD_000422,ORD_PROD_000422,3499.00,INR,card,Mastercard,domestic,2026-08-30T14:36:00,54.23,9.76,captured
PAY_PROD_000423,ORD_PROD_000423,1499.99,INR,card,RuPay,domestic,2026-08-30T14:55:00,23.25,4.19,captured
PAY_PROD_000424,ORD_PROD_000424,499.00,INR,card,Mastercard,domestic,2026-08-30T15:21:00,7.73,1.39,captured
PAY_PROD_000425,ORD_PROD_000425,19999.50,INR,card,Visa,domestic,2026-08-30T15:32:00,309.99,55.80,captured
PAY_PROD_000426,ORD_PROD_000426,19999.00,INR,card,RuPay,domestic,2026-08-30T15:56:00,309.98,55.80,captured
PAY_PROD_000427,ORD_PROD_000427,12499.00,INR,card,RuPay,domestic,2026-08-30T16:10:00,193.73,34.87,captured
PAY_PROD_000428,ORD_PROD_000428,2499.00,INR,card,Mastercard,domestic,2026-08-30T16:27:00,38.73,6.97,captured
PAY_PROD_000429,ORD_PROD_000429,14999.50,INR,card,Mastercard,domestic,2026-08-30T16:52:00,232.49,41.85,captured
PAY_PROD_000430,ORD_PROD_000430,12499.00,INR,card,RuPay,domestic,2026-08-30T17:01:00,193.73,34.87,captured
PAY_PROD_000431,ORD_PROD_000431,9999.00,INR,card,Mastercard,domestic,2026-08-30T17:29:00,154.98,27.90,captured
PAY_PROD_000432,ORD_PROD_000432,4999.50,INR,card,RuPay,domestic,2026-08-30T17:36:00,77.49,13.95,captured
PAY_PROD_000433,ORD_PROD_000433,19999.99,INR,card,RuPay,domestic,2026-08-30T18:03:00,310.00,55.80,captured
PAY_PROD_000434,ORD_PROD_000434,2499.99,INR,card,Visa,domestic,2026-08-30T18:17:00,43.75,7.88,captured
PAY_PROD_000435,ORD_PROD_000435,1999.50,INR,card,Mastercard,domestic,2026-08-30T18:32:00,30.99,5.58,captured
PAY_PROD_000436,ORD_PROD_000436,199.99,INR,card,Mastercard,domestic,2026-08-30T18:56:00,3.10,0.56,captured
PAY_PROD_000437,ORD_PROD_000437,7499.50,INR,card,RuPay,domestic,2026-08-30T19:07:00,116.24,20.92,captured
PAY_PROD_000438,ORD_PROD_000438,12499.99,INR,card,Visa,domestic,2026-08-30T19:29:00,193.75,34.88,captured
PAY_PROD_000439,ORD_PROD_000439,4999.00,INR,card,Mastercard,domestic,2026-08-30T19:46:00,77.48,13.95,captured
PAY_PROD_000440,ORD_PROD_000440,299.00,INR,card,Visa,domestic,2026-08-30T20:00:00,4.63,0.83,captured
PAY_PROD_000441,ORD_PROD_000441,12499.00,INR,card,Mastercard,domestic,2026-08-30T20:20:00,193.73,42.62,captured
PAY_PROD_000442,ORD_PROD_000442,499.50,INR,card,Visa,domestic,2026-08-30T20:40:00,7.74,1.39,captured
PAY_PROD_000443,ORD_PROD_000443,19999.99,INR,card,Visa,domestic,2026-08-30T21:00:00,310.00,55.80,captured
PAY_PROD_000444,ORD_PROD_000444,19999.00,INR,card,Visa,domestic,2026-08-30T21:15:00,309.98,55.80,captured
PAY_PROD_000445,ORD_PROD_000445,1999.50,INR,card,Visa,domestic,2026-08-30T21:32:00,30.99,5.58,captured
PAY_PROD_000446,ORD_PROD_000446,799.50,INR,card,RuPay,domestic,2026-08-30T21:49:00,12.39,2.23,captured
PAY_PROD_000447,ORD_PROD_000447,499.99,INR,card,Visa,domestic,2026-08-30T22:08:00,7.75,1.40,captured
PAY_PROD_000448,ORD_PROD_000448,299.00,INR,card,Visa,domestic,2026-08-30T22:35:00,4.63,0.83,captured
PAY_PROD_000449,ORD_PROD_000449,9999.00,INR,card,RuPay,domestic,2026-08-30T22:51:00,154.98,27.90,captured
PAY_PROD_000450,ORD_PROD_000450,1999.00,INR,card,RuPay,domestic,2026-08-30T23:09:00,30.98,5.58,captured
PAY_PROD_000451,ORD_PROD_000451,9999.99,INR,card,Mastercard,domestic,2026-08-30T23:21:00,155.00,27.90,captured
PAY_PROD_000452,ORD_PROD_000452,1999.00,INR,card,Visa,domestic,2026-08-30T23:39:00,30.98,5.58,captured
PAY_PROD_000453,ORD_PROD_000453,14999.50,INR,card,Visa,domestic,2026-08-30T23:59:00,232.49,41.85,captured
PAY_PROD_000454,ORD_PROD_000454,2499.00,INR,card,Mastercard,domestic,2026-08-31T00:13:00,38.73,6.97,captured
PAY_PROD_000455,ORD_PROD_000455,1499.00,INR,card,Mastercard,domestic,2026-08-31T00:37:00,23.23,4.18,captured
PAY_PROD_000456,ORD_PROD_000456,12499.00,INR,card,Visa,domestic,2026-08-31T00:48:00,193.73,34.87,captured
PAY_PROD_000457,ORD_PROD_000457,799.00,INR,card,Visa,domestic,2026-08-31T01:15:00,12.38,2.23,captured
PAY_PROD_000458,ORD_PROD_000458,9999.00,INR,card,Mastercard,domestic,2026-08-31T01:33:00,154.98,27.90,captured
PAY_PROD_000459,ORD_PROD_000459,7499.00,INR,card,RuPay,domestic,2026-08-31T01:44:00,116.24,20.92,captured
PAY_PROD_000460,ORD_PROD_000460,19999.50,INR,card,RuPay,domestic,2026-08-31T02:01:00,309.99,55.80,captured
PAY_PROD_000461,ORD_PROD_000461,9999.00,INR,card,Mastercard,domestic,2026-08-31T02:20:00,154.98,27.90,captured
PAY_PROD_000462,ORD_PROD_000462,799.00,INR,card,Mastercard,domestic,2026-08-31T02:38:00,12.38,2.23,captured
PAY_PROD_000463,ORD_PROD_000463,14999.00,INR,card,Visa,domestic,2026-08-31T02:59:00,232.48,41.85,captured
PAY_PROD_000464,ORD_PROD_000464,4999.00,INR,card,RuPay,domestic,2026-08-31T03:14:00,77.48,13.95,captured
PAY_PROD_000465,ORD_PROD_000465,999.99,INR,card,Mastercard,domestic,2026-08-31T03:40:00,15.50,2.79,captured
PAY_PROD_000466,ORD_PROD_000466,3499.00,INR,card,RuPay,domestic,2026-08-31T03:49:00,54.23,9.76,captured
PAY_PROD_000467,ORD_PROD_000467,799.00,INR,card,RuPay,domestic,2026-08-31T04:13:00,12.38,2.23,captured
PAY_PROD_000468,ORD_PROD_000468,12499.50,INR,card,RuPay,domestic,2026-08-31T04:29:00,193.74,34.87,captured
PAY_PROD_000469,ORD_PROD_000469,7499.00,INR,card,Visa,domestic,2026-08-31T04:50:00,116.23,20.92,captured
PAY_PROD_000470,ORD_PROD_000470,1999.99,INR,card,RuPay,domestic,2026-08-31T05:04:00,31.00,5.58,captured
PAY_PROD_000471,ORD_PROD_000471,299.99,INR,card,Visa,domestic,2026-08-31T05:18:00,4.65,0.84,captured
PAY_PROD_000472,ORD_PROD_000472,799.00,INR,card,RuPay,domestic,2026-08-31T05:40:00,12.38,2.23,captured
PAY_PROD_000473,ORD_PROD_000473,799.00,INR,card,RuPay,domestic,2026-08-31T06:00:00,12.38,2.23,captured
PAY_PROD_000474,ORD_PROD_000474,12499.50,INR,card,RuPay,domestic,2026-08-31T06:18:00,193.74,34.87,captured
PAY_PROD_000475,ORD_PROD_000475,19999.00,INR,card,Mastercard,domestic,2026-08-31T06:38:00,309.98,55.80,captured
PAY_PROD_000476,ORD_PROD_000476,199.00,INR,card,Visa,domestic,2026-08-31T06:53:00,3.08,0.55,captured
PAY_PROD_000477,ORD_PROD_000477,199.50,INR,card,Mastercard,domestic,2026-08-31T07:15:00,3.09,0.56,captured
PAY_PROD_000478,ORD_PROD_000478,1999.50,INR,card,RuPay,domestic,2026-08-31T07:30:00,30.99,5.58,captured
PAY_PROD_000479,ORD_PROD_000479,1499.00,INR,card,RuPay,domestic,2026-08-31T07:53:00,23.23,4.18,captured
PAY_PROD_000480,ORD_PROD_000480,19999.50,INR,card,Mastercard,domestic,2026-08-31T08:03:00,349.99,63.00,captured
PAY_PROD_000481,ORD_PROD_000481,3499.00,INR,card,Mastercard,domestic,2026-08-31T08:25:00,54.23,9.76,captured
PAY_PROD_000482,ORD_PROD_000482,499.00,INR,card,Mastercard,domestic,2026-08-31T08:37:00,7.73,1.39,captured
PAY_PROD_000483,ORD_PROD_000483,1999.00,INR,card,Mastercard,domestic,2026-08-31T08:56:00,30.98,5.58,captured
PAY_PROD_000484,ORD_PROD_000484,199.00,INR,card,Visa,domestic,2026-08-31T09:14:00,3.08,0.55,captured
PAY_PROD_000485,ORD_PROD_000485,19999.00,INR,card,RuPay,domestic,2026-08-31T09:31:00,309.98,55.80,captured
PAY_PROD_000486,ORD_PROD_000486,19999.00,INR,card,RuPay,domestic,2026-08-31T09:53:00,309.98,55.80,captured
PAY_PROD_000487,ORD_PROD_000487,499.99,INR,card,Mastercard,domestic,2026-08-31T10:16:00,7.75,1.40,captured
PAY_PROD_000488,ORD_PROD_000488,499.50,INR,card,Mastercard,domestic,2026-08-31T10:26:00,7.74,1.39,captured
PAY_PROD_000489,ORD_PROD_000489,299.00,INR,card,Mastercard,domestic,2026-08-31T10:50:00,4.63,0.83,captured
PAY_PROD_000490,ORD_PROD_000490,999.00,INR,card,Mastercard,domestic,2026-08-31T11:09:00,15.48,2.79,captured
PAY_PROD_000491,ORD_PROD_000491,1499.99,INR,card,RuPay,domestic,2026-08-31T11:26:00,23.25,4.19,captured
PAY_PROD_000492,ORD_PROD_000492,299.99,INR,card,Mastercard,domestic,2026-08-31T11:37:00,5.25,0.95,captured
PAY_PROD_000493,ORD_PROD_000493,1999.00,INR,card,RuPay,domestic,2026-08-31T12:05:00,30.98,5.58,captured
PAY_PROD_000494,ORD_PROD_000494,199.00,INR,card,Visa,domestic,2026-08-31T12:16:00,3.08,0.55,captured
PAY_PROD_000495,ORD_PROD_000495,7499.00,INR,card,Mastercard,domestic,2026-08-31T12:41:00,116.23,20.92,captured
PAY_PROD_000496,ORD_PROD_000496,1499.99,INR,card,Mastercard,domestic,2026-08-31T12:49:00,23.25,4.19,captured
PAY_PROD_000497,ORD_PROD_000497,7499.50,INR,card,Visa,domestic,2026-08-31T13:13:00,131.24,23.62,captured
PAY_PROD_000498,ORD_PROD_000498,499.00,INR,card,Visa,domestic,2026-08-31T13:26:00,7.73,1.39,captured
PAY_PROD_000499,ORD_PROD_000499,9999.99,INR,card,RuPay,domestic,2026-08-31T13:49:00,155.00,27.90,captured
PAY_PROD_000500,ORD_PROD_000500,3499.00,INR,card,Mastercard,domestic,2026-08-31T14:06:00,54.23,9.76,captured
PAY_PROD_000501,ORD_PROD_000501,499.00,INR,card,RuPay,domestic,2026-08-31T14:23:00,7.73,1.39,captured
PAY_PROD_000502,ORD_PROD_000502,3499.00,INR,card,Visa,domestic,2026-08-31T14:45:00,54.23,9.76,captured
PAY_PROD_000503,ORD_PROD_000503,199.99,INR,card,Visa,domestic,2026-08-31T14:57:00,3.10,0.56,captured
PAY_PROD_000504,ORD_PROD_000504,4999.00,INR,card,Visa,domestic,2026-08-31T15:17:00,77.48,13.95,captured
PAY_PROD_000505,ORD_PROD_000505,19999.00,INR,card,Visa,domestic,2026-08-31T15:40:00,309.98,55.80,captured
PAY_PROD_000506,ORD_PROD_000506,799.00,INR,card,Visa,domestic,2026-08-31T15:58:00,12.38,2.23,captured
PAY_PROD_000507,ORD_PROD_000507,2499.00,INR,card,Mastercard,domestic,2026-08-31T16:09:00,38.73,6.97,captured
PAY_PROD_000508,ORD_PROD_000508,799.00,INR,card,Visa,domestic,2026-08-31T16:34:00,12.38,2.23,captured
PAY_PROD_000509,ORD_PROD_000509,199.50,INR,card,RuPay,domestic,2026-08-31T16:50:00,3.09,0.56,captured
PAY_PROD_000510,ORD_PROD_000510,14999.50,INR,card,Mastercard,domestic,2026-08-31T17:02:00,232.49,41.85,captured
PAY_PROD_000511,ORD_PROD_000511,1499.00,INR,card,RuPay,domestic,2026-08-31T17:23:00,23.23,4.18,captured
PAY_PROD_000512,ORD_PROD_000512,999.50,INR,card,Mastercard,domestic,2026-08-31T17:37:00,15.49,2.79,captured
PAY_PROD_000513,ORD_PROD_000513,4999.00,INR,card,RuPay,domestic,2026-08-31T18:03:00,77.48,13.95,captured
PAY_PROD_000514,ORD_PROD_000514,19999.50,INR,card,RuPay,domestic,2026-08-31T18:16:00,309.99,55.80,captured
PAY_PROD_000515,ORD_PROD_000515,7499.00,INR,card,Mastercard,domestic,2026-08-31T18:31:00,116.23,25.57,captured
PAY_PROD_000516,ORD_PROD_000516,199.99,INR,card,Visa,domestic,2026-08-31T18:53:00,3.10,0.56,captured
PAY_PROD_000517,ORD_PROD_000517,12499.00,INR,card,RuPay,domestic,2026-08-31T19:08:00,193.73,34.87,captured
PAY_PROD_000518,ORD_PROD_000518,4999.00,INR,card,Visa,domestic,2026-08-31T19:29:00,87.48,15.75,captured
PAY_PROD_000519,ORD_PROD_000519,4999.00,INR,card,Visa,domestic,2026-08-31T19:51:00,77.48,13.95,captured
PAY_PROD_000520,ORD_PROD_000520,1499.50,INR,card,Mastercard,domestic,2026-08-31T20:05:00,23.24,4.18,captured
PAY_PROD_000521,ORD_PROD_000521,12499.00,INR,card,Mastercard,domestic,2026-08-31T20:24:00,193.73,34.87,captured
PAY_PROD_000522,ORD_PROD_000522,199.00,INR,card,RuPay,domestic,2026-08-31T20:37:00,3.08,0.55,captured
PAY_PROD_000523,ORD_PROD_000523,299.00,INR,card,Visa,domestic,2026-08-31T21:05:00,4.63,0.83,captured
PAY_PROD_000524,ORD_PROD_000524,9999.99,INR,card,Mastercard,domestic,2026-08-31T21:19:00,155.00,27.90,captured
PAY_PROD_000525,ORD_PROD_000525,799.00,INR,card,Mastercard,domestic,2026-08-31T21:33:00,12.38,2.23,captured
PAY_PROD_000526,ORD_PROD_000526,1999.00,INR,card,Mastercard,domestic,2026-08-31T21:55:00,30.98,5.58,captured
PAY_PROD_000527,ORD_PROD_000527,1499.00,INR,card,Mastercard,domestic,2026-08-31T22:07:00,23.23,4.18,captured
PAY_PROD_000528,ORD_PROD_000528,7499.99,INR,card,Visa,domestic,2026-08-31T22:32:00,116.25,20.93,captured
PAY_PROD_000529,ORD_PROD_000529,799.00,INR,card,RuPay,domestic,2026-08-31T22:52:00,12.38,2.23,captured
PAY_PROD_000530,ORD_PROD_000530,7499.50,INR,card,Mastercard,domestic,2026-08-31T23:11:00,116.24,20.92,captured
PAY_PROD_000531,ORD_PROD_000531,199.00,INR,card,Visa,domestic,2026-08-31T23:21:00,3.08,0.55,captured
PAY_PROD_000532,ORD_PROD_000532,999.00,INR,card,Mastercard,domestic,2026-08-31T23:40:00,15.48,2.79,captured
PAY_PROD_000533,ORD_PROD_000533,3499.99,INR,card,RuPay,domestic,2026-09-01T00:05:00,57.75,10.40,captured
PAY_PROD_000534,ORD_PROD_000534,1499.50,INR,card,Visa,domestic,2026-09-01T00:21:00,24.74,4.45,captured
PAY_PROD_000535,ORD_PROD_000535,9999.50,INR,card,RuPay,domestic,2026-09-01T00:32:00,164.99,29.70,captured
PAY_PROD_000536,ORD_PROD_000536,499.50,INR,card,Mastercard,domestic,2026-09-01T00:53:00,8.24,1.48,captured
PAY_PROD_000537,ORD_PROD_000537,2499.00,INR,card,Visa,domestic,2026-09-01T01:11:00,41.23,7.42,captured
PAY_PROD_000538,ORD_PROD_000538,7499.99,INR,card,RuPay,domestic,2026-09-01T01:32:00,123.75,22.28,captured
PAY_PROD_000539,ORD_PROD_000539,4999.99,INR,card,Mastercard,domestic,2026-09-01T01:49:00,82.50,14.85,captured
PAY_PROD_000540,ORD_PROD_000540,9999.00,INR,card,Visa,domestic,2026-09-01T02:00:00,164.98,29.70,captured
PAY_PROD_000541,ORD_PROD_000541,999.00,INR,card,RuPay,domestic,2026-09-01T02:19:00,16.48,2.97,captured
PAY_PROD_000542,ORD_PROD_000542,7499.50,INR,card,Visa,domestic,2026-09-01T02:46:00,123.74,22.27,captured
PAY_PROD_000543,ORD_PROD_000543,14999.00,INR,card,Mastercard,domestic,2026-09-01T02:58:00,247.48,44.55,captured
PAY_PROD_000544,ORD_PROD_000544,299.00,INR,card,RuPay,domestic,2026-09-01T03:13:00,4.93,0.89,captured
PAY_PROD_000545,ORD_PROD_000545,14999.99,INR,card,Mastercard,domestic,2026-09-01T03:34:00,247.50,44.55,captured
PAY_PROD_000546,ORD_PROD_000546,1499.99,INR,card,Visa,domestic,2026-09-01T03:56:00,24.75,4.46,captured
PAY_PROD_000547,ORD_PROD_000547,799.00,INR,card,Visa,domestic,2026-09-01T04:12:00,13.18,2.37,captured
PAY_PROD_000548,ORD_PROD_000548,299.00,INR,card,RuPay,domestic,2026-09-01T04:33:00,5.53,1.00,captured
PAY_PROD_000549,ORD_PROD_000549,2499.00,INR,card,Mastercard,domestic,2026-09-01T04:43:00,41.23,7.42,captured
PAY_PROD_000550,ORD_PROD_000550,19999.50,INR,card,RuPay,domestic,2026-09-01T05:11:00,329.99,59.40,captured
PAY_PROD_000551,ORD_PROD_000551,4999.50,INR,card,RuPay,domestic,2026-09-01T05:19:00,82.49,14.85,captured
PAY_PROD_000552,ORD_PROD_000552,799.99,INR,card,Mastercard,domestic,2026-09-01T05:37:00,13.20,2.38,captured
PAY_PROD_000553,ORD_PROD_000553,1999.00,INR,card,Mastercard,domestic,2026-09-01T05:58:00,32.98,5.94,captured
PAY_PROD_000554,ORD_PROD_000554,499.00,INR,card,Mastercard,domestic,2026-09-01T06:14:00,8.23,1.48,captured
PAY_PROD_000555,ORD_PROD_000555,2499.50,INR,card,Visa,domestic,2026-09-01T06:38:00,41.24,7.42,captured
PAY_PROD_000556,ORD_PROD_000556,999.50,INR,card,RuPay,domestic,2026-09-01T06:59:00,16.49,2.97,captured
PAY_PROD_000557,ORD_PROD_000557,2499.00,INR,card,Mastercard,domestic,2026-09-01T07:06:00,41.23,7.42,captured
PAY_PROD_000558,ORD_PROD_000558,14999.00,INR,card,Mastercard,domestic,2026-09-01T07:25:00,247.48,44.55,captured
PAY_PROD_000559,ORD_PROD_000559,999.00,INR,card,Mastercard,domestic,2026-09-01T07:47:00,16.48,2.97,captured
PAY_PROD_000560,ORD_PROD_000560,19999.00,INR,card,Visa,domestic,2026-09-01T08:06:00,329.98,59.40,captured
PAY_PROD_000561,ORD_PROD_000561,999.00,INR,card,RuPay,domestic,2026-09-01T08:28:00,16.48,2.97,captured
PAY_PROD_000562,ORD_PROD_000562,499.50,INR,card,Mastercard,domestic,2026-09-01T08:44:00,9.24,1.66,captured
PAY_PROD_000563,ORD_PROD_000563,4999.00,INR,card,Mastercard,domestic,2026-09-01T09:04:00,82.48,18.15,captured
PAY_PROD_000564,ORD_PROD_000564,2499.99,INR,card,RuPay,domestic,2026-09-01T09:16:00,46.25,8.33,captured
PAY_PROD_000565,ORD_PROD_000565,499.00,INR,card,Visa,domestic,2026-09-01T09:33:00,8.23,1.48,captured
PAY_PROD_000566,ORD_PROD_000566,12499.00,INR,card,Mastercard,domestic,2026-09-01T09:51:00,206.23,37.12,captured
PAY_PROD_000567,ORD_PROD_000567,499.50,INR,card,RuPay,domestic,2026-09-01T10:14:00,8.24,1.48,captured
PAY_PROD_000568,ORD_PROD_000568,199.00,INR,card,RuPay,domestic,2026-09-01T10:25:00,3.28,0.59,captured
PAY_PROD_000569,ORD_PROD_000569,2499.00,INR,card,RuPay,domestic,2026-09-01T10:49:00,41.23,7.42,captured
PAY_PROD_000570,ORD_PROD_000570,3499.00,INR,card,RuPay,domestic,2026-09-01T11:00:00,57.73,10.39,captured
PAY_PROD_000571,ORD_PROD_000571,2499.99,INR,card,Visa,domestic,2026-09-01T11:22:00,41.25,7.43,captured
PAY_PROD_000572,ORD_PROD_000572,12499.00,INR,card,Mastercard,domestic,2026-09-01T11:40:00,206.23,37.12,captured
PAY_PROD_000573,ORD_PROD_000573,3499.50,INR,card,Mastercard,domestic,2026-09-01T11:56:00,57.74,10.39,captured
PAY_PROD_000574,ORD_PROD_000574,199.00,INR,card,RuPay,domestic,2026-09-01T12:22:00,3.28,0.59,captured
PAY_PROD_000575,ORD_PROD_000575,1999.00,INR,card,RuPay,domestic,2026-09-01T12:31:00,32.98,5.94,captured
PAY_PROD_000576,ORD_PROD_000576,1999.00,INR,card,RuPay,domestic,2026-09-01T12:59:00,32.98,5.94,captured
PAY_PROD_000577,ORD_PROD_000577,3499.00,INR,card,Visa,domestic,2026-09-01T13:08:00,57.73,10.39,captured
PAY_PROD_000578,ORD_PROD_000578,12499.99,INR,card,Visa,domestic,2026-09-01T13:30:00,206.25,37.13,captured
PAY_PROD_000579,ORD_PROD_000579,7499.00,INR,card,RuPay,domestic,2026-09-01T13:46:00,123.73,22.27,captured
PAY_PROD_000580,ORD_PROD_000580,299.00,INR,card,Visa,domestic,2026-09-01T14:11:00,4.93,0.89,captured
PAY_PROD_000581,ORD_PROD_000581,299.00,INR,card,Mastercard,domestic,2026-09-01T14:24:00,5.53,1.00,captured
PAY_PROD_000582,ORD_PROD_000582,19999.99,INR,card,Mastercard,domestic,2026-09-01T14:46:00,330.00,59.40,captured
PAY_PROD_000583,ORD_PROD_000583,19999.00,INR,card,Visa,domestic,2026-09-01T14:58:00,329.98,59.40,captured
PAY_PROD_000584,ORD_PROD_000584,12499.00,INR,card,RuPay,domestic,2026-09-01T15:14:00,206.23,37.12,captured
PAY_PROD_000585,ORD_PROD_000585,1499.50,INR,card,RuPay,domestic,2026-09-01T15:35:00,24.74,4.45,captured
PAY_PROD_000586,ORD_PROD_000586,9999.00,INR,card,Mastercard,domestic,2026-09-01T15:50:00,164.98,29.70,captured
PAY_PROD_000587,ORD_PROD_000587,499.99,INR,card,Visa,domestic,2026-09-01T16:06:00,8.25,1.49,captured
PAY_PROD_000588,ORD_PROD_000588,299.00,INR,card,RuPay,domestic,2026-09-01T16:31:00,4.93,0.89,captured
PAY_PROD_000589,ORD_PROD_000589,9999.00,INR,card,Visa,domestic,2026-09-01T16:50:00,164.98,29.70,captured
PAY_PROD_000590,ORD_PROD_000590,499.00,INR,card,Mastercard,domestic,2026-09-01T17:04:00,8.23,1.48,captured
PAY_PROD_000591,ORD_PROD_000591,19999.00,INR,card,Visa,domestic,2026-09-01T17:23:00,329.98,59.40,captured
PAY_PROD_000592,ORD_PROD_000592,9999.50,INR,card,Visa,domestic,2026-09-01T17:36:00,164.99,29.70,captured
PAY_PROD_000593,ORD_PROD_000593,4999.00,INR,card,Mastercard,domestic,2026-09-01T18:01:00,82.48,14.85,captured
PAY_PROD_000594,ORD_PROD_000594,2499.00,INR,card,Mastercard,domestic,2026-09-01T18:19:00,41.23,7.42,captured
PAY_PROD_000595,ORD_PROD_000595,3499.00,INR,card,Mastercard,domestic,2026-09-01T18:37:00,57.73,10.39,captured
PAY_PROD_000596,ORD_PROD_000596,299.00,INR,card,Visa,domestic,2026-09-01T18:51:00,4.93,0.89,captured
PAY_PROD_000597,ORD_PROD_000597,799.50,INR,card,RuPay,domestic,2026-09-01T19:16:00,13.19,2.37,captured
PAY_PROD_000598,ORD_PROD_000598,9999.00,INR,card,Mastercard,domestic,2026-09-01T19:29:00,164.98,29.70,captured
PAY_PROD_000599,ORD_PROD_000599,1499.00,INR,card,Mastercard,domestic,2026-09-01T19:52:00,24.73,4.45,captured
PAY_PROD_000600,ORD_PROD_000600,19999.99,INR,card,Mastercard,domestic,2026-09-01T20:03:00,330.00,59.40,captured
PAY_PROD_000601,ORD_PROD_000601,1499.99,INR,card,Mastercard,domestic,2026-09-01T20:18:00,24.75,4.46,captured
PAY_PROD_000602,ORD_PROD_000602,499.00,INR,card,Visa,domestic,2026-09-01T20:37:00,8.23,1.48,captured
PAY_PROD_000603,ORD_PROD_000603,4999.00,INR,card,Mastercard,domestic,2026-09-01T21:04:00,82.48,14.85,captured
PAY_PROD_000604,ORD_PROD_000604,199.00,INR,card,Mastercard,domestic,2026-09-01T21:21:00,3.28,0.59,captured
PAY_PROD_000605,ORD_PROD_000605,3499.00,INR,card,RuPay,domestic,2026-09-01T21:32:00,57.73,10.39,captured
PAY_PROD_000606,ORD_PROD_000606,1499.00,INR,card,Mastercard,domestic,2026-09-01T21:54:00,24.73,4.45,captured
PAY_PROD_000607,ORD_PROD_000607,3499.50,INR,card,RuPay,domestic,2026-09-01T22:16:00,57.74,10.39,captured
PAY_PROD_000608,ORD_PROD_000608,3499.00,INR,card,Visa,domestic,2026-09-01T22:27:00,57.73,10.39,captured
PAY_PROD_000609,ORD_PROD_000609,1999.00,INR,card,Visa,domestic,2026-09-01T22:45:00,32.98,5.94,captured
PAY_PROD_000610,ORD_PROD_000610,9999.50,INR,card,RuPay,domestic,2026-09-01T23:02:00,164.99,29.70,captured
PAY_PROD_000611,ORD_PROD_000611,199.00,INR,card,Mastercard,domestic,2026-09-01T23:18:00,3.28,0.59,captured
PAY_PROD_000612,ORD_PROD_000612,2499.50,INR,card,Visa,domestic,2026-09-01T23:43:00,41.24,7.42,captured
PAY_PROD_000613,ORD_PROD_000613,999.50,INR,card,RuPay,domestic,2026-09-02T00:03:00,16.49,2.97,captured
PAY_PROD_000614,ORD_PROD_000614,3499.00,INR,card,RuPay,domestic,2026-09-02T00:12:00,57.73,10.39,captured
PAY_PROD_000615,ORD_PROD_000615,12499.00,INR,card,Visa,domestic,2026-09-02T00:34:00,206.23,37.12,captured
PAY_PROD_000616,ORD_PROD_000616,19999.00,INR,card,RuPay,domestic,2026-09-02T00:49:00,329.98,59.40,captured
PAY_PROD_000617,ORD_PROD_000617,299.00,INR,card,Visa,domestic,2026-09-02T01:10:00,4.93,0.89,captured
PAY_PROD_000618,ORD_PROD_000618,14999.50,INR,card,Mastercard,domestic,2026-09-02T01:34:00,247.49,44.55,captured
PAY_PROD_000619,ORD_PROD_000619,1999.99,INR,card,Visa,domestic,2026-09-02T01:43:00,33.00,5.94,captured
PAY_PROD_000620,ORD_PROD_000620,3499.00,INR,card,Visa,domestic,2026-09-02T02:02:00,57.73,10.39,captured
PAY_PROD_000621,ORD_PROD_000621,2499.99,INR,card,RuPay,domestic,2026-09-02T02:18:00,41.25,7.43,captured
PAY_PROD_000622,ORD_PROD_000622,4999.99,INR,card,Visa,domestic,2026-09-02T02:43:00,82.50,14.85,captured
PAY_PROD_000623,ORD_PROD_000623,3499.00,INR,card,Visa,domestic,2026-09-02T02:59:00,57.73,10.39,captured
PAY_PROD_000624,ORD_PROD_000624,1999.00,INR,card,RuPay,domestic,2026-09-02T03:14:00,32.98,5.94,captured
PAY_PROD_000625,ORD_PROD_000625,12499.00,INR,card,Mastercard,domestic,2026-09-02T03:32:00,206.23,37.12,captured
PAY_PROD_000626,ORD_PROD_000626,2499.00,INR,card,Mastercard,domestic,2026-09-02T03:54:00,41.23,7.42,captured
PAY_PROD_000627,ORD_PROD_000627,9999.50,INR,card,RuPay,domestic,2026-09-02T04:07:00,164.99,29.70,captured
PAY_PROD_000628,ORD_PROD_000628,299.99,INR,card,Visa,domestic,2026-09-02T04:27:00,4.95,0.89,captured
PAY_PROD_000629,ORD_PROD_000629,3499.00,INR,card,RuPay,domestic,2026-09-02T04:45:00,57.73,10.39,captured
PAY_PROD_000630,ORD_PROD_000630,12499.00,INR,card,Visa,domestic,2026-09-02T05:07:00,206.23,37.12,captured
PAY_PROD_000631,ORD_PROD_000631,199.00,INR,card,RuPay,domestic,2026-09-02T05:26:00,3.28,0.59,captured
PAY_PROD_000632,ORD_PROD_000632,14999.50,INR,card,RuPay,domestic,2026-09-02T05:44:00,247.49,44.55,captured
PAY_PROD_000633,ORD_PROD_000633,999.50,INR,card,RuPay,domestic,2026-09-02T06:04:00,16.49,2.97,captured
PAY_PROD_000634,ORD_PROD_000634,7499.00,INR,card,RuPay,domestic,2026-09-02T06:14:00,123.73,22.27,captured
PAY_PROD_000635,ORD_PROD_000635,799.99,INR,card,Visa,domestic,2026-09-02T06:38:00,13.20,2.38,captured
PAY_PROD_000636,ORD_PROD_000636,299.00,INR,card,Mastercard,domestic,2026-09-02T06:50:00,4.93,0.89,captured
PAY_PROD_000637,ORD_PROD_000637,799.00,INR,card,RuPay,domestic,2026-09-02T07:11:00,13.18,2.37,captured
PAY_PROD_000638,ORD_PROD_000638,299.00,INR,card,RuPay,domestic,2026-09-02T07:35:00,4.93,0.89,captured
PAY_PROD_000639,ORD_PROD_000639,12499.50,INR,card,RuPay,domestic,2026-09-02T07:50:00,206.24,37.12,captured
PAY_PROD_000640,ORD_PROD_000640,799.00,INR,card,Mastercard,domestic,2026-09-02T08:05:00,13.18,2.37,captured
PAY_PROD_000641,ORD_PROD_000641,1499.50,INR,card,Mastercard,domestic,2026-09-02T08:27:00,24.74,4.45,captured
PAY_PROD_000642,ORD_PROD_000642,12499.00,INR,card,RuPay,domestic,2026-09-02T08:36:00,206.24,37.12,captured
PAY_PROD_000643,ORD_PROD_000643,7499.00,INR,card,Visa,domestic,2026-09-02T09:00:00,123.73,22.27,captured
PAY_PROD_000644,ORD_PROD_000644,7499.00,INR,card,Visa,domestic,2026-09-02T09:23:00,123.73,22.27,captured
PAY_PROD_000645,ORD_PROD_000645,799.00,INR,card,Visa,domestic,2026-09-02T09:37:00,13.18,2.37,captured
PAY_PROD_000646,ORD_PROD_000646,499.99,INR,card,Mastercard,domestic,2026-09-02T09:59:00,8.25,1.49,captured
PAY_PROD_000647,ORD_PROD_000647,1499.00,INR,card,Mastercard,domestic,2026-09-02T10:11:00,24.73,4.45,captured
PAY_PROD_000648,ORD_PROD_000648,799.00,INR,card,RuPay,domestic,2026-09-02T10:27:00,13.18,2.37,captured
PAY_PROD_000649,ORD_PROD_000649,7499.00,INR,card,Visa,domestic,2026-09-02T10:49:00,123.73,22.27,captured
PAY_PROD_000650,ORD_PROD_000650,499.00,INR,card,Visa,domestic,2026-09-02T11:01:00,8.23,1.48,captured
PAY_PROD_000651,ORD_PROD_000651,199.99,INR,card,RuPay,domestic,2026-09-02T11:23:00,3.30,0.59,captured
PAY_PROD_000652,ORD_PROD_000652,7499.00,INR,card,RuPay,domestic,2026-09-02T11:40:00,123.73,22.27,captured
PAY_PROD_000653,ORD_PROD_000653,3499.99,INR,card,RuPay,domestic,2026-09-02T11:54:00,57.75,10.40,captured
PAY_PROD_000654,ORD_PROD_000654,299.00,INR,card,RuPay,domestic,2026-09-02T12:19:00,4.93,0.89,captured
PAY_PROD_000655,ORD_PROD_000655,799.00,INR,card,Visa,domestic,2026-09-02T12:39:00,13.18,2.37,captured
PAY_PROD_000656,ORD_PROD_000656,9999.50,INR,card,Mastercard,domestic,2026-09-02T12:51:00,164.99,29.70,captured
PAY_PROD_000657,ORD_PROD_000657,499.00,INR,card,RuPay,domestic,2026-09-02T13:17:00,8.23,1.48,captured
PAY_PROD_000658,ORD_PROD_000658,19999.00,INR,card,Visa,domestic,2026-09-02T13:30:00,329.98,59.40,captured
PAY_PROD_000659,ORD_PROD_000659,9999.00,INR,card,Mastercard,domestic,2026-09-02T13:49:00,164.98,29.70,captured
PAY_PROD_000660,ORD_PROD_000660,2499.99,INR,card,RuPay,domestic,2026-09-02T14:01:00,41.25,7.43,captured
PAY_PROD_000661,ORD_PROD_000661,4999.99,INR,card,Mastercard,domestic,2026-09-02T14:28:00,82.50,14.85,captured
PAY_PROD_000662,ORD_PROD_000662,999.00,INR,card,Visa,domestic,2026-09-02T14:42:00,16.48,2.97,captured
PAY_PROD_000663,ORD_PROD_000663,1499.00,INR,card,Mastercard,domestic,2026-09-02T14:56:00,24.73,4.45,captured
PAY_PROD_000664,ORD_PROD_000664,12499.50,INR,card,Mastercard,domestic,2026-09-02T15:17:00,206.24,37.12,captured
PAY_PROD_000665,ORD_PROD_000665,1499.99,INR,card,Mastercard,domestic,2026-09-02T15:37:00,24.75,4.46,captured
PAY_PROD_000666,ORD_PROD_000666,12499.50,INR,card,RuPay,domestic,2026-09-02T15:54:00,206.24,37.12,captured
PAY_PROD_000667,ORD_PROD_000667,299.99,INR,card,RuPay,domestic,2026-09-02T16:12:00,5.55,1.00,captured
PAY_PROD_000668,ORD_PROD_000668,499.00,INR,card,RuPay,domestic,2026-09-02T16:27:00,8.23,1.48,captured
PAY_PROD_000669,ORD_PROD_000669,1999.00,INR,card,RuPay,domestic,2026-09-02T16:42:00,32.98,5.94,captured
PAY_PROD_000670,ORD_PROD_000670,199.00,INR,card,RuPay,domestic,2026-09-02T17:11:00,3.28,0.59,captured
PAY_PROD_000671,ORD_PROD_000671,299.00,INR,card,Mastercard,domestic,2026-09-02T17:18:00,4.93,0.89,captured
PAY_PROD_000672,ORD_PROD_000672,14999.50,INR,card,RuPay,domestic,2026-09-02T17:37:00,247.49,44.55,captured
PAY_PROD_000673,ORD_PROD_000673,2499.99,INR,card,RuPay,domestic,2026-09-02T17:55:00,41.26,7.43,captured
PAY_PROD_000674,ORD_PROD_000674,1999.00,INR,card,Mastercard,domestic,2026-09-02T18:12:00,32.98,5.94,captured
PAY_PROD_000675,ORD_PROD_000675,12499.00,INR,card,Visa,domestic,2026-09-02T18:31:00,206.23,37.12,captured
PAY_PROD_000676,ORD_PROD_000676,199.50,INR,card,Mastercard,domestic,2026-09-02T18:53:00,3.29,0.59,captured
PAY_PROD_000677,ORD_PROD_000677,199.50,INR,card,Mastercard,domestic,2026-09-02T19:14:00,3.29,0.59,captured
PAY_PROD_000678,ORD_PROD_000678,9999.99,INR,card,Visa,domestic,2026-09-02T19:35:00,165.00,29.70,captured
PAY_PROD_000679,ORD_PROD_000679,12499.00,INR,card,RuPay,domestic,2026-09-02T19:42:00,206.23,37.12,captured
PAY_PROD_000680,ORD_PROD_000680,9999.50,INR,card,Visa,domestic,2026-09-02T20:04:00,164.99,29.70,captured
PAY_PROD_000681,ORD_PROD_000681,799.00,INR,card,Visa,domestic,2026-09-02T20:22:00,14.78,2.66,captured
PAY_PROD_000682,ORD_PROD_000682,1499.50,INR,card,Visa,domestic,2026-09-02T20:47:00,24.74,4.45,captured
PAY_PROD_000683,ORD_PROD_000683,999.00,INR,card,Visa,domestic,2026-09-02T21:05:00,16.48,2.97,captured
PAY_PROD_000684,ORD_PROD_000684,4999.00,INR,card,Mastercard,domestic,2026-09-02T21:21:00,82.48,14.85,captured
PAY_PROD_000685,ORD_PROD_000685,799.00,INR,card,Mastercard,domestic,2026-09-02T21:33:00,13.18,2.37,captured
PAY_PROD_000686,ORD_PROD_000686,4999.00,INR,card,Visa,domestic,2026-09-02T21:53:00,82.48,14.85,captured
PAY_PROD_000687,ORD_PROD_000687,799.00,INR,card,RuPay,domestic,2026-09-02T22:11:00,13.18,2.37,captured
PAY_PROD_000688,ORD_PROD_000688,1999.00,INR,card,Mastercard,domestic,2026-09-02T22:33:00,32.98,5.94,captured
PAY_PROD_000689,ORD_PROD_000689,14999.00,INR,card,Mastercard,domestic,2026-09-02T22:47:00,247.48,44.55,captured
PAY_PROD_000690,ORD_PROD_000690,14999.00,INR,card,RuPay,domestic,2026-09-02T23:10:00,247.48,44.55,captured
PAY_PROD_000691,ORD_PROD_000691,999.00,INR,card,Visa,domestic,2026-09-02T23:26:00,16.48,2.97,captured
PAY_PROD_000692,ORD_PROD_000692,999.00,INR,card,Visa,domestic,2026-09-02T23:40:00,16.48,2.97,captured
PAY_PROD_000693,ORD_PROD_000693,799.00,INR,card,RuPay,domestic,2026-09-02T23:56:00,13.18,2.37,captured
PAY_PROD_000694,ORD_PROD_000694,2499.50,INR,card,Mastercard,domestic,2026-09-03T00:13:00,41.24,7.42,captured
PAY_PROD_000695,ORD_PROD_000695,9999.50,INR,card,RuPay,domestic,2026-09-03T00:31:00,164.99,29.70,captured
PAY_PROD_000696,ORD_PROD_000696,12499.00,INR,card,RuPay,domestic,2026-09-03T00:57:00,206.23,37.12,captured
PAY_PROD_000697,ORD_PROD_000697,299.99,INR,card,Visa,domestic,2026-09-03T01:07:00,4.95,0.89,captured
PAY_PROD_000698,ORD_PROD_000698,499.00,INR,card,RuPay,domestic,2026-09-03T01:31:00,8.23,1.48,captured
PAY_PROD_000699,ORD_PROD_000699,9999.99,INR,card,Mastercard,domestic,2026-09-03T01:52:00,165.00,29.70,captured
PAY_PROD_000700,ORD_PROD_000700,2499.00,INR,card,Mastercard,domestic,2026-09-03T02:04:00,41.23,7.42,captured
PAY_PROD_000701,ORD_PROD_000701,3499.99,INR,card,Visa,domestic,2026-09-03T02:24:00,57.75,10.40,captured
PAY_PROD_000702,ORD_PROD_000702,799.99,INR,card,RuPay,domestic,2026-09-03T02:40:00,13.20,2.38,captured
PAY_PROD_000703,ORD_PROD_000703,2499.00,INR,card,RuPay,domestic,2026-09-03T02:55:00,41.23,7.42,captured
PAY_PROD_000704,ORD_PROD_000704,9999.50,INR,card,Visa,domestic,2026-09-03T03:18:00,164.99,29.70,captured
PAY_PROD_000705,ORD_PROD_000705,14999.00,INR,card,Mastercard,domestic,2026-09-03T03:36:00,247.48,44.55,captured
PAY_PROD_000706,ORD_PROD_000706,999.99,INR,card,RuPay,domestic,2026-09-03T03:53:00,16.50,2.97,captured
PAY_PROD_000707,ORD_PROD_000707,799.50,INR,card,Visa,domestic,2026-09-03T04:13:00,13.19,2.37,captured
PAY_PROD_000708,ORD_PROD_000708,799.00,INR,card,RuPay,domestic,2026-09-03T04:31:00,13.18,2.37,captured
PAY_PROD_000709,ORD_PROD_000709,799.00,INR,card,Visa,domestic,2026-09-03T04:48:00,13.18,2.37,captured
PAY_PROD_000710,ORD_PROD_000710,2499.00,INR,card,Mastercard,domestic,2026-09-03T05:11:00,41.24,7.42,captured
PAY_PROD_000711,ORD_PROD_000711,3499.99,INR,card,RuPay,domestic,2026-09-03T05:21:00,57.75,10.40,captured
PAY_PROD_000712,ORD_PROD_000712,4999.50,INR,card,Visa,domestic,2026-09-03T05:47:00,82.49,14.85,captured
PAY_PROD_000713,ORD_PROD_000713,14999.00,INR,card,Mastercard,domestic,2026-09-03T05:58:00,247.48,44.55,captured
PAY_PROD_000714,ORD_PROD_000714,14999.00,INR,card,Visa,domestic,2026-09-03T06:23:00,247.48,44.55,captured
PAY_PROD_000715,ORD_PROD_000715,19999.00,INR,card,RuPay,domestic,2026-09-03T06:34:00,329.98,59.40,captured
PAY_PROD_000716,ORD_PROD_000716,2499.99,INR,card,Mastercard,domestic,2026-09-03T06:48:00,41.25,7.43,captured
PAY_PROD_000717,ORD_PROD_000717,299.00,INR,card,Visa,domestic,2026-09-03T07:16:00,4.93,0.89,captured
PAY_PROD_000718,ORD_PROD_000718,199.99,INR,card,Mastercard,domestic,2026-09-03T07:24:00,3.30,0.59,captured
PAY_PROD_000719,ORD_PROD_000719,1999.99,INR,card,Visa,domestic,2026-09-03T07:43:00,33.00,5.94,captured
PAY_PROD_000720,ORD_PROD_000720,7499.00,INR,card,RuPay,domestic,2026-09-03T08:07:00,123.73,22.27,captured
PAY_PROD_000721,ORD_PROD_000721,799.00,INR,card,Visa,domestic,2026-09-03T08:18:00,13.18,2.37,captured
PAY_PROD_000722,ORD_PROD_000722,9999.00,INR,card,RuPay,domestic,2026-09-03T08:42:00,164.98,29.70,captured
PAY_PROD_000723,ORD_PROD_000723,299.50,INR,card,Mastercard,domestic,2026-09-03T08:57:00,4.94,0.89,captured
PAY_PROD_000724,ORD_PROD_000724,3499.50,INR,card,RuPay,domestic,2026-09-03T09:14:00,57.74,10.39,captured
PAY_PROD_000725,ORD_PROD_000725,499.00,INR,card,RuPay,domestic,2026-09-03T09:38:00,8.23,1.48,captured
PAY_PROD_000726,ORD_PROD_000726,299.00,INR,card,RuPay,domestic,2026-09-03T09:54:00,4.93,0.89,captured
PAY_PROD_000727,ORD_PROD_000727,1999.99,INR,card,Visa,domestic,2026-09-03T10:07:00,33.00,5.94,captured
PAY_PROD_000728,ORD_PROD_000728,4999.00,INR,card,Mastercard,domestic,2026-09-03T10:25:00,82.48,14.85,captured
PAY_PROD_000729,ORD_PROD_000729,4999.00,INR,card,Visa,domestic,2026-09-03T10:52:00,82.48,14.85,captured
PAY_PROD_000730,ORD_PROD_000730,999.00,INR,card,Visa,domestic,2026-09-03T11:05:00,16.48,2.97,captured
PAY_PROD_000731,ORD_PROD_000731,2499.00,INR,card,Visa,domestic,2026-09-03T11:22:00,41.23,7.42,captured
PAY_PROD_000732,ORD_PROD_000732,799.00,INR,card,Mastercard,domestic,2026-09-03T11:42:00,13.18,2.37,captured
PAY_PROD_000733,ORD_PROD_000733,1499.99,INR,card,Visa,domestic,2026-09-03T12:01:00,24.75,4.46,captured
PAY_PROD_000734,ORD_PROD_000734,12499.00,INR,card,RuPay,domestic,2026-09-03T12:23:00,206.23,37.12,captured
PAY_PROD_000735,ORD_PROD_000735,4999.50,INR,card,Mastercard,domestic,2026-09-03T12:31:00,82.49,14.85,captured
PAY_PROD_000736,ORD_PROD_000736,3499.00,INR,card,Visa,domestic,2026-09-03T12:52:00,57.73,10.39,captured
PAY_PROD_000737,ORD_PROD_000737,14999.50,INR,card,Mastercard,domestic,2026-09-03T13:16:00,247.49,44.55,captured
PAY_PROD_000738,ORD_PROD_000738,199.00,INR,card,RuPay,domestic,2026-09-03T13:31:00,3.28,0.59,captured
PAY_PROD_000739,ORD_PROD_000739,4999.99,INR,card,Visa,domestic,2026-09-03T13:46:00,82.50,14.85,captured
PAY_PROD_000740,ORD_PROD_000740,14999.00,INR,card,Mastercard,domestic,2026-09-03T14:10:00,247.48,44.55,captured
PAY_PROD_000741,ORD_PROD_000741,299.00,INR,card,Visa,domestic,2026-09-03T14:26:00,4.93,0.89,captured
PAY_PROD_000742,ORD_PROD_000742,7499.99,INR,card,RuPay,domestic,2026-09-03T14:42:00,123.75,22.28,captured
PAY_PROD_000743,ORD_PROD_000743,19999.00,INR,card,Mastercard,domestic,2026-09-03T15:05:00,329.98,59.40,captured
PAY_PROD_000744,ORD_PROD_000744,9999.00,INR,card,RuPay,domestic,2026-09-03T15:16:00,164.98,29.70,captured
PAY_PROD_000745,ORD_PROD_000745,999.00,INR,card,Visa,domestic,2026-09-03T15:39:00,16.48,2.97,captured
PAY_PROD_000746,ORD_PROD_000746,4999.00,INR,card,RuPay,domestic,2026-09-03T15:54:00,82.48,14.85,captured
PAY_PROD_000747,ORD_PROD_000747,1499.00,INR,card,Mastercard,domestic,2026-09-03T16:10:00,24.73,4.45,captured
PAY_PROD_000748,ORD_PROD_000748,12499.00,INR,card,Visa,domestic,2026-09-03T16:34:00,206.23,37.12,captured
PAY_PROD_000749,ORD_PROD_000749,499.00,INR,card,RuPay,domestic,2026-09-03T16:50:00,8.23,1.48,captured
PAY_PROD_000750,ORD_PROD_000750,799.00,INR,card,Mastercard,domestic,2026-09-03T17:05:00,13.18,2.37,captured
PAY_PROD_000751,ORD_PROD_000751,19999.00,INR,card,Visa,domestic,2026-09-03T17:26:00,329.98,59.40,captured
PAY_PROD_000752,ORD_PROD_000752,2499.00,INR,card,RuPay,domestic,2026-09-03T17:46:00,41.23,7.42,captured
PAY_PROD_000753,ORD_PROD_000753,19999.00,INR,card,Visa,domestic,2026-09-03T17:55:00,329.98,59.40,captured
PAY_PROD_000754,ORD_PROD_000754,7499.50,INR,card,Visa,domestic,2026-09-03T18:18:00,123.74,22.27,captured
PAY_PROD_000755,ORD_PROD_000755,19999.50,INR,card,RuPay,domestic,2026-09-03T18:33:00,329.99,59.40,captured
PAY_PROD_000756,ORD_PROD_000756,14999.99,INR,card,Visa,domestic,2026-09-03T18:48:00,247.50,44.55,captured
PAY_PROD_000757,ORD_PROD_000757,2499.50,INR,card,Visa,domestic,2026-09-03T19:12:00,41.24,7.42,captured
PAY_PROD_000758,ORD_PROD_000758,299.00,INR,card,Mastercard,domestic,2026-09-03T19:25:00,4.93,0.89,captured
PAY_PROD_000759,ORD_PROD_000759,12499.00,INR,card,RuPay,domestic,2026-09-03T19:42:00,206.23,37.12,captured
PAY_PROD_000760,ORD_PROD_000760,1999.00,INR,card,Visa,domestic,2026-09-03T20:04:00,32.98,5.94,captured
PAY_PROD_000761,ORD_PROD_000761,19999.00,INR,card,RuPay,domestic,2026-09-03T20:23:00,329.98,59.40,captured
PAY_PROD_000762,ORD_PROD_000762,1499.99,INR,card,RuPay,domestic,2026-09-03T20:39:00,24.75,4.46,captured
PAY_PROD_000763,ORD_PROD_000763,799.50,INR,card,Visa,domestic,2026-09-03T21:01:00,13.19,2.37,captured
PAY_PROD_000764,ORD_PROD_000764,999.99,INR,card,RuPay,domestic,2026-09-03T21:13:00,16.50,2.97,captured
PAY_PROD_000765,ORD_PROD_000765,299.00,INR,card,RuPay,domestic,2026-09-03T21:32:00,4.93,0.89,captured
PAY_PROD_000766,ORD_PROD_000766,7499.00,INR,card,Visa,domestic,2026-09-03T21:55:00,123.73,22.27,captured
PAY_PROD_000767,ORD_PROD_000767,19999.50,INR,card,RuPay,domestic,2026-09-03T22:09:00,329.99,59.40,captured
PAY_PROD_000768,ORD_PROD_000768,12499.00,INR,card,Visa,domestic,2026-09-03T22:25:00,206.23,37.12,captured
PAY_PROD_000769,ORD_PROD_000769,999.50,INR,card,Visa,domestic,2026-09-03T22:44:00,16.49,2.97,captured
PAY_PROD_000770,ORD_PROD_000770,299.00,INR,card,Visa,domestic,2026-09-03T23:06:00,4.93,0.89,captured
PAY_PROD_000771,ORD_PROD_000771,19999.00,INR,card,Mastercard,domestic,2026-09-03T23:18:00,329.98,59.40,captured
PAY_PROD_000772,ORD_PROD_000772,2499.00,INR,card,RuPay,domestic,2026-09-03T23:41:00,41.23,7.42,captured
PAY_PROD_000773,ORD_PROD_000773,799.00,INR,card,Mastercard,domestic,2026-09-04T00:01:00,13.18,2.37,captured
PAY_PROD_000774,ORD_PROD_000774,1499.50,INR,card,Visa,domestic,2026-09-04T00:16:00,24.74,4.45,captured
PAY_PROD_000775,ORD_PROD_000775,4999.00,INR,card,Visa,domestic,2026-09-04T00:39:00,82.48,14.85,captured
PAY_PROD_000776,ORD_PROD_000776,2499.00,INR,card,RuPay,domestic,2026-09-04T00:59:00,41.23,7.42,captured
PAY_PROD_000777,ORD_PROD_000777,199.50,INR,card,Visa,domestic,2026-09-04T01:11:00,3.69,0.66,captured
PAY_PROD_000778,ORD_PROD_000778,1499.00,INR,card,RuPay,domestic,2026-09-04T01:24:00,24.73,4.45,captured
PAY_PROD_000779,ORD_PROD_000779,799.00,INR,card,Visa,domestic,2026-09-04T01:44:00,13.18,2.37,captured
PAY_PROD_000780,ORD_PROD_000780,2499.00,INR,card,RuPay,domestic,2026-09-04T02:02:00,41.23,7.42,captured
PAY_PROD_000781,ORD_PROD_000781,14999.50,INR,card,Visa,domestic,2026-09-04T02:26:00,247.49,44.55,captured
PAY_PROD_000782,ORD_PROD_000782,4999.50,INR,card,RuPay,domestic,2026-09-04T02:41:00,82.49,14.85,captured
PAY_PROD_000783,ORD_PROD_000783,299.00,INR,card,Visa,domestic,2026-09-04T02:54:00,4.93,0.89,captured
PAY_PROD_000784,ORD_PROD_000784,9999.00,INR,card,RuPay,domestic,2026-09-04T03:22:00,164.98,29.70,captured
PAY_PROD_000785,ORD_PROD_000785,1999.00,INR,card,Visa,domestic,2026-09-04T03:39:00,32.98,5.94,captured
PAY_PROD_000786,ORD_PROD_000786,7499.00,INR,card,RuPay,domestic,2026-09-04T03:53:00,123.73,22.27,captured
PAY_PROD_000787,ORD_PROD_000787,1999.00,INR,card,RuPay,domestic,2026-09-04T04:13:00,32.98,5.94,captured
PAY_PROD_000788,ORD_PROD_000788,3499.00,INR,card,Mastercard,domestic,2026-09-04T04:24:00,57.73,10.39,captured
PAY_PROD_000789,ORD_PROD_000789,299.00,INR,card,Mastercard,domestic,2026-09-04T04:50:00,4.93,0.89,captured
PAY_PROD_000790,ORD_PROD_000790,4999.50,INR,card,RuPay,domestic,2026-09-04T05:09:00,82.49,14.85,captured
PAY_PROD_000791,ORD_PROD_000791,299.50,INR,card,Mastercard,domestic,2026-09-04T05:29:00,4.94,0.89,captured
PAY_PROD_000792,ORD_PROD_000792,12499.00,INR,card,Mastercard,domestic,2026-09-04T05:41:00,206.23,37.12,captured
PAY_PROD_000793,ORD_PROD_000793,4999.00,INR,card,Visa,domestic,2026-09-04T05:58:00,82.48,14.85,captured
PAY_PROD_000794,ORD_PROD_000794,14999.00,INR,card,Mastercard,domestic,2026-09-04T06:21:00,247.48,54.45,captured
PAY_PROD_000795,ORD_PROD_000795,2499.50,INR,card,RuPay,domestic,2026-09-04T06:37:00,41.24,7.42,captured
PAY_PROD_000796,ORD_PROD_000796,1499.00,INR,card,Visa,domestic,2026-09-04T06:52:00,24.73,4.45,captured
PAY_PROD_000797,ORD_PROD_000797,19999.00,INR,card,Mastercard,domestic,2026-09-04T07:06:00,329.98,59.40,captured
PAY_PROD_000798,ORD_PROD_000798,299.00,INR,card,Visa,domestic,2026-09-04T07:25:00,4.93,0.89,captured
PAY_PROD_000799,ORD_PROD_000799,19999.00,INR,card,Visa,domestic,2026-09-04T07:52:00,329.98,59.40,captured
PAY_PROD_000800,ORD_PROD_000800,7499.00,INR,card,Visa,domestic,2026-09-04T08:00:00,123.73,22.27,captured
PAY_PROD_000801,ORD_PROD_000801,799.00,INR,card,Visa,domestic,2026-09-04T08:25:00,13.18,2.37,captured
PAY_PROD_000802,ORD_PROD_000802,12499.50,INR,card,RuPay,domestic,2026-09-04T08:37:00,206.24,37.12,captured
PAY_PROD_000803,ORD_PROD_000803,299.00,INR,card,Visa,domestic,2026-09-04T09:01:00,4.94,0.89,captured
PAY_PROD_000804,ORD_PROD_000804,19999.00,INR,card,RuPay,domestic,2026-09-04T09:13:00,329.98,59.40,captured
PAY_PROD_000805,ORD_PROD_000805,2499.00,INR,card,RuPay,domestic,2026-09-04T09:32:00,41.23,7.42,captured
PAY_PROD_000806,ORD_PROD_000806,2499.00,INR,card,Mastercard,domestic,2026-09-04T09:56:00,41.23,7.42,captured
PAY_PROD_000807,ORD_PROD_000807,1499.00,INR,card,Visa,domestic,2026-09-04T10:15:00,24.73,4.45,captured
PAY_PROD_000808,ORD_PROD_000808,12499.00,INR,card,Mastercard,domestic,2026-09-04T10:28:00,206.23,37.12,captured
PAY_PROD_000809,ORD_PROD_000809,799.00,INR,card,Mastercard,domestic,2026-09-04T10:48:00,13.18,2.37,captured
PAY_PROD_000810,ORD_PROD_000810,299.00,INR,card,Visa,domestic,2026-09-04T11:10:00,4.93,0.89,captured
PAY_PROD_000811,ORD_PROD_000811,7499.50,INR,card,RuPay,domestic,2026-09-04T11:18:00,123.74,22.27,captured
PAY_PROD_000812,ORD_PROD_000812,14999.50,INR,card,Visa,domestic,2026-09-04T11:41:00,247.49,44.55,captured
PAY_PROD_000813,ORD_PROD_000813,299.00,INR,card,RuPay,domestic,2026-09-04T12:05:00,4.93,0.89,captured
PAY_PROD_000814,ORD_PROD_000814,3499.99,INR,card,RuPay,domestic,2026-09-04T12:15:00,57.75,10.40,captured
PAY_PROD_000815,ORD_PROD_000815,3499.00,INR,card,Mastercard,domestic,2026-09-04T12:38:00,57.73,10.39,captured
PAY_PROD_000816,ORD_PROD_000816,9999.00,INR,card,RuPay,domestic,2026-09-04T12:59:00,164.98,29.70,captured
PAY_PROD_000817,ORD_PROD_000817,4999.00,INR,card,RuPay,domestic,2026-09-04T13:10:00,82.48,14.85,captured
PAY_PROD_000818,ORD_PROD_000818,12499.00,INR,card,Mastercard,domestic,2026-09-04T13:28:00,206.23,37.12,captured
PAY_PROD_000819,ORD_PROD_000819,199.00,INR,card,Mastercard,domestic,2026-09-04T13:49:00,3.28,0.59,captured
PAY_PROD_000820,ORD_PROD_000820,3499.00,INR,card,Visa,domestic,2026-09-04T14:01:00,57.73,10.39,captured
PAY_PROD_000821,ORD_PROD_000821,299.00,INR,card,RuPay,domestic,2026-09-04T14:24:00,4.93,0.89,captured
PAY_PROD_000822,ORD_PROD_000822,299.00,INR,card,Mastercard,domestic,2026-09-04T14:43:00,4.93,0.89,captured
PAY_PROD_000823,ORD_PROD_000823,999.00,INR,card,RuPay,domestic,2026-09-04T15:02:00,16.48,2.97,captured
PAY_PROD_000824,ORD_PROD_000824,499.00,INR,card,RuPay,domestic,2026-09-04T15:18:00,8.23,1.48,captured
PAY_PROD_000825,ORD_PROD_000825,499.50,INR,card,RuPay,domestic,2026-09-04T15:37:00,8.24,1.48,captured
PAY_PROD_000826,ORD_PROD_000826,7499.50,INR,card,Visa,domestic,2026-09-04T15:56:00,123.74,22.27,captured
PAY_PROD_000827,ORD_PROD_000827,199.00,INR,card,RuPay,domestic,2026-09-04T16:09:00,3.28,0.59,captured
PAY_PROD_000828,ORD_PROD_000828,12499.00,INR,card,Mastercard,domestic,2026-09-04T16:24:00,206.23,37.12,captured
PAY_PROD_000829,ORD_PROD_000829,1999.00,INR,card,Visa,domestic,2026-09-04T16:49:00,32.98,5.94,captured
PAY_PROD_000830,ORD_PROD_000830,1999.99,INR,card,RuPay,domestic,2026-09-04T17:01:00,33.00,5.94,captured
PAY_PROD_000831,ORD_PROD_000831,2499.50,INR,card,RuPay,domestic,2026-09-04T17:22:00,41.25,7.42,captured
PAY_PROD_000832,ORD_PROD_000832,199.99,INR,card,RuPay,domestic,2026-09-04T17:43:00,3.30,0.59,captured
PAY_PROD_000833,ORD_PROD_000833,2499.00,INR,card,RuPay,domestic,2026-09-04T17:59:00,41.23,7.42,captured
PAY_PROD_000834,ORD_PROD_000834,12499.99,INR,card,RuPay,domestic,2026-09-04T18:15:00,206.25,37.13,captured
PAY_PROD_000835,ORD_PROD_000835,199.50,INR,card,Visa,domestic,2026-09-04T18:33:00,3.29,0.59,captured
PAY_PROD_000836,ORD_PROD_000836,1499.50,INR,card,RuPay,domestic,2026-09-04T18:50:00,24.74,4.45,captured
PAY_PROD_000837,ORD_PROD_000837,799.00,INR,card,Visa,domestic,2026-09-04T19:17:00,13.18,2.37,captured
PAY_PROD_000838,ORD_PROD_000838,1999.00,INR,card,RuPay,domestic,2026-09-04T19:31:00,32.98,5.94,captured
PAY_PROD_000839,ORD_PROD_000839,199.00,INR,card,RuPay,domestic,2026-09-04T19:46:00,3.28,0.59,captured
PAY_PROD_000840,ORD_PROD_000840,799.00,INR,card,Visa,domestic,2026-09-04T20:07:00,13.18,2.37,captured
PAY_PROD_000841,ORD_PROD_000841,9999.00,INR,card,Visa,domestic,2026-09-04T20:23:00,164.98,29.70,captured
PAY_PROD_000842,ORD_PROD_000842,3499.50,INR,card,RuPay,domestic,2026-09-04T20:45:00,57.74,10.39,captured
PAY_PROD_000843,ORD_PROD_000843,299.00,INR,card,Visa,domestic,2026-09-04T21:03:00,4.93,0.89,captured
PAY_PROD_000844,ORD_PROD_000844,799.00,INR,card,RuPay,domestic,2026-09-04T21:18:00,13.18,2.37,captured
PAY_PROD_000845,ORD_PROD_000845,19999.50,INR,card,Visa,domestic,2026-09-04T21:37:00,330.00,59.40,captured
PAY_PROD_000846,ORD_PROD_000846,1499.99,INR,card,Visa,domestic,2026-09-04T21:58:00,24.75,4.46,captured
PAY_PROD_000847,ORD_PROD_000847,19999.00,INR,card,Mastercard,domestic,2026-09-04T22:10:00,329.98,59.40,captured
PAY_PROD_000848,ORD_PROD_000848,499.50,INR,card,Visa,domestic,2026-09-04T22:25:00,8.24,1.48,captured
PAY_PROD_000849,ORD_PROD_000849,9999.50,INR,card,Mastercard,domestic,2026-09-04T22:47:00,164.99,29.70,captured
PAY_PROD_000850,ORD_PROD_000850,3499.00,INR,card,Mastercard,domestic,2026-09-04T23:05:00,57.73,10.39,captured
PAY_PROD_000851,ORD_PROD_000851,1499.00,INR,card,Mastercard,domestic,2026-09-04T23:24:00,24.73,4.45,captured
PAY_PROD_000852,ORD_PROD_000852,1999.00,INR,card,Mastercard,domestic,2026-09-04T23:38:00,32.98,5.94,captured
PAY_PROD_000853,ORD_PROD_000853,12499.99,INR,card,Visa,domestic,2026-09-05T00:05:00,206.25,37.13,captured
PAY_PROD_000854,ORD_PROD_000854,19999.00,INR,card,Mastercard,domestic,2026-09-05T00:12:00,329.98,59.40,captured
PAY_PROD_000855,ORD_PROD_000855,499.00,INR,card,Mastercard,domestic,2026-09-05T00:38:00,8.23,1.48,captured
PAY_PROD_000856,ORD_PROD_000856,999.00,INR,card,Visa,domestic,2026-09-05T00:48:00,16.48,2.97,captured
PAY_PROD_000857,ORD_PROD_000857,14999.00,INR,card,Mastercard,domestic,2026-09-05T01:06:00,247.48,44.55,captured
PAY_PROD_000858,ORD_PROD_000858,14999.00,INR,card,Visa,domestic,2026-09-05T01:35:00,247.48,44.55,captured
PAY_PROD_000859,ORD_PROD_000859,1999.99,INR,card,Visa,domestic,2026-09-05T01:53:00,33.00,5.94,captured
PAY_PROD_000860,ORD_PROD_000860,12499.00,INR,card,RuPay,domestic,2026-09-05T02:00:00,206.23,37.12,captured
PAY_PROD_000861,ORD_PROD_000861,199.99,INR,card,Mastercard,domestic,2026-09-05T02:23:00,3.30,0.59,captured
PAY_PROD_000862,ORD_PROD_000862,3499.99,INR,card,Mastercard,domestic,2026-09-05T02:37:00,57.75,10.40,captured
PAY_PROD_000863,ORD_PROD_000863,7499.00,INR,card,Mastercard,domestic,2026-09-05T02:56:00,123.73,22.27,captured
PAY_PROD_000864,ORD_PROD_000864,999.00,INR,card,Visa,domestic,2026-09-05T03:17:00,16.48,3.63,captured
PAY_PROD_000865,ORD_PROD_000865,299.00,INR,card,Mastercard,domestic,2026-09-05T03:39:00,4.93,0.89,captured
PAY_PROD_000866,ORD_PROD_000866,7499.99,INR,card,RuPay,domestic,2026-09-05T03:56:00,123.75,22.28,captured
PAY_PROD_000867,ORD_PROD_000867,4999.00,INR,card,Visa,domestic,2026-09-05T04:07:00,82.48,14.85,captured
PAY_PROD_000868,ORD_PROD_000868,999.99,INR,card,Visa,domestic,2026-09-05T04:31:00,16.50,2.97,captured
PAY_PROD_000869,ORD_PROD_000869,19999.00,INR,card,Mastercard,domestic,2026-09-05T04:42:00,329.98,72.60,captured
PAY_PROD_000870,ORD_PROD_000870,4999.00,INR,card,Mastercard,domestic,2026-09-05T05:08:00,82.48,14.85,captured
PAY_PROD_000871,ORD_PROD_000871,499.99,INR,card,Visa,domestic,2026-09-05T05:23:00,8.25,1.49,captured
PAY_PROD_000872,ORD_PROD_000872,7499.50,INR,card,Mastercard,domestic,2026-09-05T05:45:00,123.74,22.27,captured
PAY_PROD_000873,ORD_PROD_000873,799.00,INR,card,RuPay,domestic,2026-09-05T05:58:00,13.18,2.37,captured
PAY_PROD_000874,ORD_PROD_000874,14999.00,INR,card,Visa,domestic,2026-09-05T06:16:00,247.48,44.55,captured
PAY_PROD_000875,ORD_PROD_000875,1999.00,INR,card,Mastercard,domestic,2026-09-05T06:32:00,32.98,5.94,captured
PAY_PROD_000876,ORD_PROD_000876,499.99,INR,card,Visa,domestic,2026-09-05T06:52:00,8.25,1.49,captured
PAY_PROD_000877,ORD_PROD_000877,1999.00,INR,card,Visa,domestic,2026-09-05T07:06:00,32.98,5.94,captured
PAY_PROD_000878,ORD_PROD_000878,499.50,INR,card,Visa,domestic,2026-09-05T07:26:00,8.24,1.48,captured
PAY_PROD_000879,ORD_PROD_000879,999.50,INR,card,Visa,domestic,2026-09-05T07:51:00,16.49,2.97,captured
PAY_PROD_000880,ORD_PROD_000880,499.99,INR,card,Visa,domestic,2026-09-05T08:10:00,8.25,1.49,captured
PAY_PROD_000881,ORD_PROD_000881,12499.00,INR,card,RuPay,domestic,2026-09-05T08:19:00,206.23,37.12,captured
PAY_PROD_000882,ORD_PROD_000882,4999.00,INR,card,Visa,domestic,2026-09-05T08:45:00,82.48,14.85,captured
PAY_PROD_000883,ORD_PROD_000883,7499.99,INR,card,Visa,domestic,2026-09-05T08:55:00,123.75,22.28,captured
PAY_PROD_000884,ORD_PROD_000884,9999.00,INR,card,RuPay,domestic,2026-09-05T09:12:00,164.98,29.70,captured
PAY_PROD_000885,ORD_PROD_000885,1999.00,INR,card,Visa,domestic,2026-09-05T09:37:00,32.98,5.94,captured
PAY_PROD_000886,ORD_PROD_000886,2499.99,INR,card,Mastercard,domestic,2026-09-05T09:56:00,41.25,7.43,captured
PAY_PROD_000887,ORD_PROD_000887,999.99,INR,card,Visa,domestic,2026-09-05T10:07:00,16.50,2.97,captured
PAY_PROD_000888,ORD_PROD_000888,299.00,INR,card,Visa,domestic,2026-09-05T10:35:00,4.94,0.89,captured
PAY_PROD_000889,ORD_PROD_000889,9999.00,INR,card,Mastercard,domestic,2026-09-05T10:53:00,164.98,29.70,captured
PAY_PROD_000890,ORD_PROD_000890,799.00,INR,card,RuPay,domestic,2026-09-05T11:04:00,13.18,2.37,captured
PAY_PROD_000891,ORD_PROD_000891,1999.00,INR,card,Mastercard,domestic,2026-09-05T11:20:00,32.98,5.94,captured
PAY_PROD_000892,ORD_PROD_000892,2499.00,INR,card,RuPay,domestic,2026-09-05T11:43:00,41.23,7.42,captured
PAY_PROD_000893,ORD_PROD_000893,799.00,INR,card,Visa,domestic,2026-09-05T11:54:00,13.18,2.37,captured
PAY_PROD_000894,ORD_PROD_000894,799.50,INR,card,Visa,domestic,2026-09-05T12:21:00,13.19,2.37,captured
PAY_PROD_000895,ORD_PROD_000895,4999.50,INR,card,Mastercard,domestic,2026-09-05T12:32:00,82.49,14.85,captured
PAY_PROD_000896,ORD_PROD_000896,1999.00,INR,card,Visa,domestic,2026-09-05T12:55:00,32.98,7.26,captured
PAY_PROD_000897,ORD_PROD_000897,299.50,INR,card,Visa,domestic,2026-09-05T13:08:00,4.94,0.89,captured
PAY_PROD_000898,ORD_PROD_000898,499.00,INR,card,Mastercard,domestic,2026-09-05T13:31:00,8.23,1.48,captured
PAY_PROD_000899,ORD_PROD_000899,299.00,INR,card,Visa,domestic,2026-09-05T13:50:00,4.93,0.89,captured
PAY_PROD_000900,ORD_PROD_000900,7499.00,INR,card,RuPay,domestic,2026-09-05T14:10:00,123.73,22.27,captured
PAY_PROD_000901,ORD_PROD_000901,3499.00,INR,card,RuPay,domestic,2026-09-05T14:24:00,57.73,10.39,captured
PAY_PROD_000902,ORD_PROD_000902,199.00,INR,card,Visa,domestic,2026-09-05T14:38:00,3.28,0.59,captured
PAY_PROD_000903,ORD_PROD_000903,3499.50,INR,card,Visa,domestic,2026-09-05T14:56:00,57.74,10.39,captured
PAY_PROD_000904,ORD_PROD_000904,7499.50,INR,card,Visa,domestic,2026-09-05T15:14:00,123.74,22.27,captured
PAY_PROD_000905,ORD_PROD_000905,499.00,INR,card,Visa,domestic,2026-09-05T15:38:00,8.23,1.48,captured
PAY_PROD_000906,ORD_PROD_000906,12499.99,INR,card,Visa,domestic,2026-09-05T15:55:00,206.25,37.13,captured
PAY_PROD_000907,ORD_PROD_000907,3499.00,INR,card,Mastercard,domestic,2026-09-05T16:08:00,57.73,10.39,captured
PAY_PROD_000908,ORD_PROD_000908,999.00,INR,card,Mastercard,domestic,2026-09-05T16:28:00,16.48,2.97,captured
PAY_PROD_000909,ORD_PROD_000909,7499.00,INR,card,RuPay,domestic,2026-09-05T16:50:00,123.73,22.27,captured
PAY_PROD_000910,ORD_PROD_000910,1999.00,INR,card,Mastercard,domestic,2026-09-05T17:02:00,32.98,5.94,captured
PAY_PROD_000911,ORD_PROD_000911,999.00,INR,card,Mastercard,domestic,2026-09-05T17:24:00,16.48,2.97,captured
PAY_PROD_000912,ORD_PROD_000912,4999.99,INR,card,Visa,domestic,2026-09-05T17:39:00,82.50,14.85,captured
PAY_PROD_000913,ORD_PROD_000913,199.00,INR,card,Visa,domestic,2026-09-05T17:58:00,3.28,0.59,captured
PAY_PROD_000914,ORD_PROD_000914,14999.00,INR,card,Mastercard,domestic,2026-09-05T18:17:00,247.48,44.55,captured
PAY_PROD_000915,ORD_PROD_000915,199.50,INR,card,RuPay,domestic,2026-09-05T18:33:00,3.29,0.59,captured
PAY_PROD_000916,ORD_PROD_000916,199.00,INR,card,Mastercard,domestic,2026-09-05T18:54:00,3.28,0.59,captured
PAY_PROD_000917,ORD_PROD_000917,199.00,INR,card,Mastercard,domestic,2026-09-05T19:15:00,3.28,0.59,captured
PAY_PROD_000918,ORD_PROD_000918,4999.50,INR,card,RuPay,domestic,2026-09-05T19:30:00,82.49,14.85,captured
PAY_PROD_000919,ORD_PROD_000919,4999.99,INR,card,Visa,domestic,2026-09-05T19:47:00,82.50,14.85,captured
PAY_PROD_000920,ORD_PROD_000920,12499.50,INR,card,RuPay,domestic,2026-09-05T20:04:00,231.24,41.62,captured
PAY_PROD_000921,ORD_PROD_000921,499.00,INR,card,RuPay,domestic,2026-09-05T20:19:00,8.23,1.48,captured
PAY_PROD_000922,ORD_PROD_000922,12499.99,INR,card,Mastercard,domestic,2026-09-05T20:38:00,206.25,37.13,captured
PAY_PROD_000923,ORD_PROD_000923,299.50,INR,card,Mastercard,domestic,2026-09-05T21:00:00,4.94,0.89,captured
PAY_PROD_000924,ORD_PROD_000924,12499.99,INR,card,Mastercard,domestic,2026-09-05T21:23:00,206.25,37.13,captured
PAY_PROD_000925,ORD_PROD_000925,14999.00,INR,card,Mastercard,domestic,2026-09-05T21:34:00,247.48,44.55,captured
PAY_PROD_000926,ORD_PROD_000926,4999.00,INR,card,RuPay,domestic,2026-09-05T21:59:00,82.48,14.85,captured
PAY_PROD_000927,ORD_PROD_000927,1499.99,INR,card,Mastercard,domestic,2026-09-05T22:14:00,24.75,4.46,captured
PAY_PROD_000928,ORD_PROD_000928,499.00,INR,card,RuPay,domestic,2026-09-05T22:27:00,8.23,1.48,captured
PAY_PROD_000929,ORD_PROD_000929,2499.99,INR,card,Mastercard,domestic,2026-09-05T22:47:00,41.25,7.43,captured
PAY_PROD_000930,ORD_PROD_000930,4999.50,INR,card,Visa,domestic,2026-09-05T23:04:00,82.49,14.85,captured
PAY_PROD_000931,ORD_PROD_000931,2499.00,INR,card,Mastercard,domestic,2026-09-02T17:43:00,0.00,0.00,failed
PAY_PROD_000932,ORD_PROD_000932,2499.00,INR,card,Mastercard,domestic,2026-09-02T17:56:00,0.00,0.00,failed
PAY_PROD_000933,ORD_PROD_000933,3499.00,INR,card,Visa,domestic,2026-09-02T18:09:00,0.00,0.00,failed
PAY_PROD_000934,ORD_PROD_000934,2499.00,INR,card,RuPay,domestic,2026-09-02T18:22:00,0.00,0.00,failed
PAY_PROD_000935,ORD_PROD_000935,14999.00,INR,card,Visa,domestic,2026-09-02T18:35:00,0.00,0.00,failed
PAY_PROD_000936,ORD_PROD_000936,999.00,INR,card,RuPay,domestic,2026-09-02T18:48:00,0.00,0.00,failed
PAY_PROD_000937,ORD_PROD_000937,2499.00,INR,card,RuPay,domestic,2026-09-02T19:01:00,0.00,0.00,failed
PAY_PROD_000938,ORD_PROD_000938,7499.00,INR,card,RuPay,domestic,2026-09-02T19:14:00,0.00,0.00,failed
PAY_PROD_000939,ORD_PROD_000939,14999.00,INR,card,RuPay,domestic,2026-09-02T19:27:00,0.00,0.00,failed
PAY_PROD_000940,ORD_PROD_000940,2499.00,INR,card,Mastercard,domestic,2026-09-02T19:40:00,0.00,0.00,failed
PAY_PROD_000941,ORD_PROD_000941,2499.00,INR,card,Mastercard,domestic,2026-09-02T19:53:00,0.00,0.00,failed
PAY_PROD_000942,ORD_PROD_000942,799.00,INR,card,RuPay,domestic,2026-09-02T20:06:00,0.00,0.00,failed
PAY_PROD_000943,ORD_PROD_000943,299.00,INR,card,Visa,domestic,2026-09-02T20:19:00,0.00,0.00,failed
PAY_PROD_000944,ORD_PROD_000944,199.00,INR,card,Visa,domestic,2026-09-02T20:32:00,0.00,0.00,failed
PAY_PROD_000945,ORD_PROD_000945,7499.00,INR,card,RuPay,domestic,2026-09-02T20:45:00,0.00,0.00,failed
PAY_PROD_000946,ORD_PROD_000946,1499.00,INR,card,RuPay,domestic,2026-09-02T20:58:00,0.00,0.00,failed
PAY_PROD_000947,ORD_PROD_000947,19999.00,INR,card,Mastercard,domestic,2026-09-02T21:11:00,0.00,0.00,failed
PAY_PROD_000948,ORD_PROD_000948,4999.00,INR,card,RuPay,domestic,2026-09-02T21:24:00,0.00,0.00,failed
PAY_PROD_000949,ORD_PROD_000949,2499.00,INR,card,Visa,domestic,2026-09-02T21:37:00,0.00,0.00,failed
PAY_PROD_000950,ORD_PROD_000950,19999.00,INR,card,Mastercard,domestic,2026-09-02T21:50:00,0.00,0.00,failed
PAY_PROD_000951,ORD_PROD_000951,2499.00,INR,card,RuPay,domestic,2026-09-02T22:03:00,0.00,0.00,failed
PAY_PROD_000952,ORD_PROD_000952,299.00,INR,card,RuPay,domestic,2026-09-02T22:16:00,0.00,0.00,failed
PAY_PROD_000953,ORD_PROD_000953,2499.00,INR,card,RuPay,domestic,2026-09-02T22:29:00,0.00,0.00,failed
PAY_PROD_000954,ORD_PROD_000954,4999.00,INR,card,Mastercard,domestic,2026-09-02T22:42:00,0.00,0.00,failed
PAY_PROD_000955,ORD_PROD_000955,999.00,INR,card,Visa,domestic,2026-09-02T22:55:00,0.00,0.00,failed
PAY_PROD_000956,ORD_PROD_000956,12499.00,INR,card,Visa,domestic,2026-09-02T23:08:00,0.00,0.00,failed
PAY_PROD_000957,ORD_PROD_000957,14999.00,INR,card,Mastercard,domestic,2026-09-02T23:21:00,0.00,0.00,failed
PAY_PROD_000958,ORD_PROD_000958,9999.00,INR,card,RuPay,domestic,2026-09-02T23:34:00,0.00,0.00,failed
PAY_PROD_000959,ORD_PROD_000959,1999.00,INR,card,Visa,domestic,2026-09-02T23:47:00,0.00,0.00,failed
PAY_PROD_000960,ORD_PROD_000960,7499.00,INR,card,Mastercard,domestic,2026-09-03T00:00:00,0.00,0.00,failed
PAY_PROD_000961,ORD_PROD_000961,199.00,INR,card,RuPay,domestic,2026-09-03T00:13:00,0.00,0.00,failed
PAY_PROD_000962,ORD_PROD_000962,999.00,INR,card,RuPay,domestic,2026-09-03T00:26:00,0.00,0.00,failed
PAY_PROD_000963,ORD_PROD_000963,7499.00,INR,card,Mastercard,domestic,2026-09-03T00:39:00,0.00,0.00,failed
PAY_PROD_000964,ORD_PROD_000964,12499.00,INR,card,Mastercard,domestic,2026-09-03T00:52:00,0.00,0.00,failed
PAY_PROD_000965,ORD_PROD_000965,7499.00,INR,card,Visa,domestic,2026-09-03T01:05:00,0.00,0.00,failed
PAY_PROD_000966,ORD_PROD_000966,299.00,INR,card,RuPay,domestic,2026-09-03T01:18:00,0.00,0.00,failed
PAY_PROD_000967,ORD_PROD_000967,9999.00,INR,card,Visa,domestic,2026-09-03T01:31:00,0.00,0.00,failed
PAY_PROD_000968,ORD_PROD_000968,3499.00,INR,card,Visa,domestic,2026-09-03T01:44:00,0.00,0.00,failed
PAY_PROD_000969,ORD_PROD_000969,199.00,INR,card,RuPay,domestic,2026-09-03T01:57:00,0.00,0.00,failed
PAY_PROD_000970,ORD_PROD_000970,2499.00,INR,card,Mastercard,domestic,2026-09-03T02:10:00,0.00,0.00,failed
PAY_PROD_000971,ORD_PROD_000971,19999.00,INR,card,Visa,domestic,2026-09-03T02:23:00,0.00,0.00,failed
PAY_PROD_000972,ORD_PROD_000972,3499.00,INR,card,RuPay,domestic,2026-09-03T02:36:00,0.00,0.00,failed
PAY_PROD_000973,ORD_PROD_000973,499.00,INR,card,Visa,domestic,2026-09-03T02:49:00,0.00,0.00,failed
PAY_PROD_000974,ORD_PROD_000974,14999.00,INR,card,Mastercard,domestic,2026-09-03T03:02:00,0.00,0.00,failed
PAY_PROD_000975,ORD_PROD_000975,1499.00,INR,card,Mastercard,domestic,2026-09-03T03:15:00,0.00,0.00,failed
PAY_PROD_000976,ORD_PROD_000976,3499.00,INR,card,RuPay,domestic,2026-09-03T03:28:00,0.00,0.00,failed
PAY_PROD_000977,ORD_PROD_000977,799.00,INR,card,RuPay,domestic,2026-09-03T03:41:00,0.00,0.00,failed
PAY_PROD_000978,ORD_PROD_000978,7499.00,INR,card,RuPay,domestic,2026-09-03T03:54:00,0.00,0.00,failed
PAY_PROD_000979,ORD_PROD_000979,1499.00,INR,card,Visa,domestic,2026-09-03T04:07:00,0.00,0.00,failed
PAY_PROD_000980,ORD_PROD_000980,14999.00,INR,card,Visa,domestic,2026-09-03T04:20:00,0.00,0.00,failed
PAY_PROD_000981,ORD_PROD_000981,19999.00,INR,card,Mastercard,domestic,2026-09-03T04:33:00,0.00,0.00,failed
PAY_PROD_000982,ORD_PROD_000982,4999.00,INR,card,RuPay,domestic,2026-09-03T04:46:00,0.00,0.00,failed
PAY_PROD_000983,ORD_PROD_000983,3499.00,INR,card,RuPay,domestic,2026-09-03T04:59:00,0.00,0.00,failed
PAY_PROD_000984,ORD_PROD_000984,499.00,INR,card,RuPay,domestic,2026-09-03T05:12:00,0.00,0.00,failed
PAY_PROD_000985,ORD_PROD_000985,9999.00,INR,card,Visa,domestic,2026-09-03T05:25:00,0.00,0.00,failed
PAY_PROD_000986,ORD_PROD_000986,2499.00,INR,card,Mastercard,domestic,2026-09-03T05:38:00,0.00,0.00,failed
PAY_PROD_000987,ORD_PROD_000987,299.00,INR,card,Mastercard,domestic,2026-09-03T05:51:00,0.00,0.00,failed
PAY_PROD_000988,ORD_PROD_000988,3499.00,INR,card,Mastercard,domestic,2026-09-03T06:04:00,0.00,0.00,failed
PAY_PROD_000989,ORD_PROD_000989,19999.00,INR,card,Visa,domestic,2026-09-03T06:17:00,0.00,0.00,failed
PAY_PROD_000990,ORD_PROD_000990,299.00,INR,card,RuPay,domestic,2026-09-03T06:30:00,0.00,0.00,failed
PAY_PROD_000991,ORD_PROD_000991,1499.00,INR,card,RuPay,domestic,2026-09-03T06:43:00,0.00,0.00,failed
PAY_PROD_000992,ORD_PROD_000992,9999.00,INR,card,Mastercard,domestic,2026-09-03T06:56:00,0.00,0.00,failed
PAY_PROD_000993,ORD_PROD_000993,9999.00,INR,card,Mastercard,domestic,2026-09-03T07:09:00,0.00,0.00,failed
PAY_PROD_000994,ORD_PROD_000994,1999.00,INR,card,RuPay,domestic,2026-09-03T07:22:00,0.00,0.00,failed
PAY_PROD_000995,ORD_PROD_000995,1999.00,INR,card,Visa,domestic,2026-09-03T07:35:00,0.00,0.00,failed
PAY_PROD_000996,ORD_PROD_000996,499.00,INR,card,Visa,domestic,2026-09-03T07:48:00,0.00,0.00,failed
PAY_PROD_000997,ORD_PROD_000997,12499.00,INR,card,RuPay,domestic,2026-09-03T08:01:00,0.00,0.00,failed
PAY_PROD_000998,ORD_PROD_000998,9999.00,INR,card,RuPay,domestic,2026-09-03T08:14:00,0.00,0.00,failed
PAY_PROD_000999,ORD_PROD_000999,1999.00,INR,card,RuPay,domestic,2026-09-03T08:27:00,0.00,0.00,failed
PAY_PROD_001000,ORD_PROD_001000,299.00,INR,card,Mastercard,domestic,2026-09-03T08:40:00,0.00,0.00,failed
